claim_id,claim,gold_doc_labels,retrieved_doc_ids,selected_sentence_indices,predicted_labels
3,"1,000 genomes project enables mapping of genetic sequence variation consisting of rare variants with larger penetrance effects than common variants.","{""14717500"": ""SUPPORTS""}","[23389795, 3662132, 1544804, 1388704, 14717500]","[[1, 3], [7, 4], [1, 2], [0, 2], [7, 0]]","[""NOINFO"", ""NOINFO"", ""NOINFO"", ""NOINFO"", ""NOINFO""]"
5,1/2000 in UK have abnormal PrP positivity.,"{""13734012"": ""SUPPORTS""}","[2739854, 70490, 27466734, 43629704, 18617259]","[[2, 1], [2, 1], [18, 17], [12, 11], [4, 1]]","[""NOINFO"", ""NOINFO"", ""NOINFO"", ""NOINFO"", ""NOINFO""]"
42,A high microerythrocyte count raises vulnerability to severe anemia in homozygous alpha (+)- thalassemia trait subjects.,"{""18174210"": ""REFUTES""}","[27889071, 18174210, 40913091, 27162821, 4449524]","[[2, 5], [1, 7], [2, 8], [2, 4], [1, 4]]","[""NOINFO"", ""REFUTES"", ""NOINFO"", ""NOINFO"", ""NOINFO""]"
48,"A total of 1,000 people in the UK are asymptomatic carriers of vCJD infection.","{""13734012"": ""REFUTES""}","[11349166, 24512064, 3698758, 23203102, 13322804]","[[11, 0], [1, 2], [3, 7], [9, 8], [1, 5]]","[""NOINFO"", ""NOINFO"", ""NOINFO"", ""NOINFO"", ""NOINFO""]"
49,ADAR1 binds to Dicer to cleave pre-miRNA.,"{""5953485"": ""SUPPORTS""}","[5953485, 23913146, 5702790, 8006440, 12652963]","[[3, 2], [1, 9], [2, 4], [3, 4], [4, 3]]","[""SUPPORTS"", ""NOINFO"", ""NOINFO"", ""NOINFO"", ""NOINFO""]"
50,AIRE is expressed in some skin tumors.,"{""12580014"": ""SUPPORTS""}","[12580014, 25738896, 39559521, 36950726, 12489130]","[[1, 0], [6, 3], [3, 2], [7, 6], [3, 1]]","[""SUPPORTS"", ""NOINFO"", ""NOINFO"", ""NOINFO"", ""NOINFO""]"
51,ALDH1 expression is associated with better breast cancer outcomes.,"{""45638119"": ""REFUTES""}","[45638119, 15721252, 7821634, 14180565, 13519661]","[[4, 0], [3, 0], [0, 5], [2, 9], [7, 2]]","[""SUPPORTS"", ""NOINFO"", ""NOINFO"", ""NOINFO"", ""NOINFO""]"
53,ALDH1 expression is associated with poorer prognosis in breast cancer.,"{""45638119"": ""SUPPORTS""}","[45638119, 7821634, 14180565, 15721252, 24834968]","[[4, 0], [1, 0], [2, 9], [3, 0], [2, 11]]","[""SUPPORTS"", ""NOINFO"", ""NOINFO"", ""NOINFO"", ""NOINFO""]"
54,AMP-activated protein kinase (AMPK) activation increases inflammation-related fibrosis in the lungs.,"{""49556906"": ""REFUTES""}","[49556906, 24721866, 1590744, 3419709, 3973445]","[[3, 7], [2, 12], [0, 2], [2, 4], [0, 1]]","[""REFUTES"", ""NOINFO"", ""NOINFO"", ""NOINFO"", ""NOINFO""]"
56,APOE4 expression in iPSC-derived neurons increases AlphaBeta production and tau phosphorylation causing GABA neuron degeneration.,"{""4709641"": ""SUPPORTS""}","[4709641, 22185730, 22116439, 15347087, 6492658]","[[1, 4], [8, 3], [4, 6], [4, 3], [3, 2]]","[""REFUTES"", ""NOINFO"", ""NOINFO"", ""NOINFO"", ""NOINFO""]"
57,"APOE4 expression in iPSC-derived neurons increases AlphaBeta production and tau phosphorylation, delaying GABA neuron degeneration.","{""4709641"": ""REFUTES""}","[4709641, 22185730, 22116439, 15347087, 3140772]","[[1, 4], [8, 3], [4, 6], [4, 3], [5, 3]]","[""SUPPORTS"", ""NOINFO"", ""NOINFO"", ""NOINFO"", ""NOINFO""]"
70,Activation of PPM1D suppresses p53 function.,"{""4414547"": ""SUPPORTS"", ""5956380"": ""SUPPORTS""}","[5956380, 4414547, 9169645, 35684881, 27949347]","[[6, 5], [5, 4], [5, 3], [3, 4], [2, 1]]","[""SUPPORTS"", ""SUPPORTS"", ""NOINFO"", ""NOINFO"", ""NOINFO""]"
100,All hematopoietic stem cells segregate their chromosomes randomly.,"{""4381486"": ""SUPPORTS""}","[4381486, 14550841, 13116880, 92499, 4421787]","[[5, 0], [0, 5], [0, 6], [0, 3], [0, 1]]","[""SUPPORTS"", ""NOINFO"", ""NOINFO"", ""NOINFO"", ""NOINFO""]"
113,Angiotensin converting enzyme inhibitors are associated with increased risk for functional renal insufficiency.,"{""6157837"": ""SUPPORTS""}","[6157837, 25816994, 14584755, 1759213, 44030361]","[[0, 2], [0, 13], [1, 3], [8, 6], [1, 3]]","[""SUPPORTS"", ""NOINFO"", ""NOINFO"", ""NOINFO"", ""NOINFO""]"
115,Anthrax spores can be disposed of easily after they are dispersed.,"{""33872649"": ""REFUTES""}","[33872649, 8069939, 10314816, 46602807, 30844602]","[[1, 0], [9, 8], [4, 3], [6, 5], [15, 14]]","[""NOINFO"", ""NOINFO"", ""NOINFO"", ""NOINFO"", ""NOINFO""]"
118,Antibiotic induced alterations in the gut microbiome reduce resistance against Clostridium difficile,"{""6372244"": ""SUPPORTS""}","[4465735, 6372244, 41165286, 2604063, 52805891]","[[2, 6], [4, 0], [7, 3], [5, 7], [0, 6]]","[""REFUTES"", ""SUPPORTS"", ""NOINFO"", ""NOINFO"", ""NOINFO""]"
124,Antiretroviral therapy reduces rates of tuberculosis across a broad range of CD4 strata.,"{""4883040"": ""SUPPORTS""}","[4883040, 7111021, 21479231, 31363207, 4246523]","[[10, 2], [0, 10], [5, 0], [8, 1], [1, 5]]","[""REFUTES"", ""NOINFO"", ""NOINFO"", ""NOINFO"", ""NOINFO""]"
129,Articles published in open access format are less likely to be cited than traditional journals.,"{""27768226"": ""REFUTES""}","[27768226, 16979690, 6477536, 22711954, 39652608]","[[7, 12], [15, 17], [5, 16], [2, 1], [4, 3]]","[""REFUTES"", ""NOINFO"", ""NOINFO"", ""NOINFO"", ""NOINFO""]"
130,Articles published in open access format are more likely to be cited than traditional journals.,"{""27768226"": ""SUPPORTS""}","[27768226, 16979690, 11288846, 8042158, 22711954]","[[7, 12], [15, 17], [9, 8], [5, 8], [2, 1]]","[""SUPPORTS"", ""NOINFO"", ""NOINFO"", ""NOINFO"", ""NOINFO""]"
133,"Assembly of invadopodia is triggered by focal generation of phosphatidylinositol-3,4-biphosphate and the activation of the nonreceptor tyrosine kinase Src.","{""16280642"": ""SUPPORTS""}","[16280642, 86694016, 17934082, 12640810, 22767022]","[[4, 0], [5, 6], [4, 0], [2, 0], [8, 5]]","[""NOINFO"", ""NOINFO"", ""NOINFO"", ""NOINFO"", ""NOINFO""]"
137,Asymptomatic visual impairment screening in elderly populations does not lead to improved vision.,"{""26016929"": ""SUPPORTS""}","[26016929, 457630, 24735908, 21914176, 31208367]","[[3, 6], [9, 4], [14, 13], [9, 4], [5, 12]]","[""REFUTES"", ""NOINFO"", ""NOINFO"", ""NOINFO"", ""NOINFO""]"
141,Auditory entrainment is strengthened when people see congruent visual and auditory information.,"{""14437255"": ""SUPPORTS""}","[14437255, 38794814, 313394, 41182002, 3099497]","[[8, 11], [3, 8], [8, 2], [8, 9], [0, 8]]","[""REFUTES"", ""NOINFO"", ""NOINFO"", ""NOINFO"", ""NOINFO""]"
142,Autologous transplantation of mesenchymal stem cells causes a higher rate of opportunistic infections than induction therapy with anti-interleukin-2 receptor antibodies.,"{""10582939"": ""REFUTES""}","[10582939, 19511011, 301866, 22613657, 43587663]","[[0, 12], [1, 0], [5, 0], [0, 3], [1, 2]]","[""SUPPORTS"", ""NOINFO"", ""NOINFO"", ""NOINFO"", ""NOINFO""]"
143,Autologous transplantation of mesenchymal stem cells causes fewer opportunistic infections than induction therapy with anti-interleukin-2 receptor antibodies.,"{""10582939"": ""SUPPORTS""}","[10582939, 19511011, 301866, 22613657, 43587663]","[[0, 12], [1, 0], [5, 0], [0, 3], [1, 2]]","[""REFUTES"", ""NOINFO"", ""NOINFO"", ""NOINFO"", ""NOINFO""]"
146,Autologous transplantation of mesenchymal stem cells has lower rates of rejection than induction therapy with anti-interleukin-2 receptor antibodies.,"{""10582939"": ""SUPPORTS""}","[10582939, 4416964, 51728753, 14647747, 40164383]","[[0, 1], [0, 2], [0, 5], [0, 2], [0, 1]]","[""REFUTES"", ""NOINFO"", ""NOINFO"", ""NOINFO"", ""NOINFO""]"
148,Autophagy declines in aged organisms.,"{""1084345"": ""SUPPORTS""}","[52887689, 1084345, 56528795, 19922508, 10012166]","[[3, 0], [1, 4], [8, 7], [6, 4], [0, 3]]","[""NOINFO"", ""REFUTES"", ""REFUTES"", ""NOINFO"", ""NOINFO""]"
163,Bariatric surgery has a positive impact on mental health.,"{""18872233"": ""SUPPORTS""}","[18872233, 43220289, 40949706, 29022271, 19071857]","[[2, 10], [10, 3], [2, 9], [4, 1], [1, 0]]","[""SUPPORTS"", ""NOINFO"", ""NOINFO"", ""NOINFO"", ""SUPPORTS""]"
171,Basophils counteract disease development in patients with systemic lupus erythematosus (SLE).,"{""12670680"": ""REFUTES""}","[12670680, 28149602, 28015516, 14938990, 5448119]","[[0, 3], [0, 3], [0, 4], [0, 7], [0, 5]]","[""SUPPORTS"", ""NOINFO"", ""NOINFO"", ""NOINFO"", ""NOINFO""]"
179,Birth-weight is positively associated with breast cancer.,"{""16322674"": ""SUPPORTS"", ""17450673"": ""SUPPORTS"", ""23557241"": ""SUPPORTS"", ""27123743"": ""SUPPORTS""}","[27123743, 16322674, 17450673, 23557241, 5487448]","[[0, 1], [5, 7], [5, 8], [8, 9], [0, 9]]","[""SUPPORTS"", ""SUPPORTS"", ""REFUTES"", ""SUPPORTS"", ""NOINFO""]"
180,Blocking the interaction between TDP-43 and respiratory complex I proteins ND3 and ND6 leads to increased TDP-43-induced neuronal loss.,"{""16966326"": ""REFUTES""}","[16966326, 9217800, 1964163, 20904154, 25748308]","[[5, 4], [5, 6], [2, 1], [1, 5], [6, 5]]","[""SUPPORTS"", ""NOINFO"", ""NOINFO"", ""NOINFO"", ""NOINFO""]"
183,Bone marrow cells contribute to adult macrophage compartments.,"{""12827098"": ""REFUTES""}","[12827098, 3495456, 22973574, 42465769, 3391547]","[[3, 2], [0, 10], [2, 3], [1, 4], [1, 2]]","[""SUPPORTS"", ""NOINFO"", ""SUPPORTS"", ""NOINFO"", ""NOINFO""]"
185,Breast cancer development is determined exclusively by genetic factors.,"{""18340282"": ""REFUTES""}","[22975806, 18340282, 1866911, 20280410, 3285322]","[[7, 0], [0, 6], [4, 3], [0, 1], [2, 0]]","[""NOINFO"", ""REFUTES"", ""NOINFO"", ""REFUTES"", ""NOINFO""]"
208,CHEK2 is not associated with breast cancer.,"{""13519661"": ""SUPPORTS""}","[13519661, 15721252, 2613411, 18340282, 10279084]","[[7, 1], [3, 0], [0, 5], [0, 6], [2, 8]]","[""REFUTES"", ""NOINFO"", ""NOINFO"", ""NOINFO"", ""NOINFO""]"
212,CR is associated with higher methylation age.,"{""22038539"": ""REFUTES""}","[9291668, 7808055, 4679264, 22038539, 11935250]","[[5, 7], [1, 7], [6, 8], [3, 1], [1, 5]]","[""NOINFO"", ""NOINFO"", ""NOINFO"", ""NOINFO"", ""NOINFO""]"
216,CX3CR1 on the Th2 cells impairs T cell survival,"{""21366394"": ""REFUTES""}","[21366394, 7621534, 34905328, 13798951, 6123924]","[[4, 3], [8, 0], [3, 0], [2, 3], [4, 2]]","[""REFUTES"", ""NOINFO"", ""NOINFO"", ""NOINFO"", ""NOINFO""]"
217,CX3CR1 on the Th2 cells promotes T cell survival,"{""21366394"": ""SUPPORTS""}","[21366394, 34905328, 7621534, 13798951, 21363424]","[[4, 3], [3, 0], [8, 0], [2, 3], [6, 2]]","[""SUPPORTS"", ""NOINFO"", ""NOINFO"", ""NOINFO"", ""NOINFO""]"
218,CX3CR1 on the Th2 cells promotes airway inflammation.,"{""21366394"": ""SUPPORTS""}","[21366394, 1800734, 696006, 20311968, 883747]","[[5, 3], [7, 6], [1, 0], [1, 6], [0, 4]]","[""SUPPORTS"", ""NOINFO"", ""NOINFO"", ""NOINFO"", ""NOINFO""]"
219,CX3CR1 on the Th2 cells suppresses airway inflammation.,"{""21366394"": ""REFUTES""}","[21366394, 1800734, 20311968, 696006, 883747]","[[5, 3], [7, 6], [1, 6], [1, 0], [0, 4]]","[""SUPPORTS"", ""NOINFO"", ""NOINFO"", ""NOINFO"", ""NOINFO""]"
230,Carriers of the alcohol aldehyde dehydrogenase deficiency mutation drink less that non-carries.,"{""3067015"": ""SUPPORTS""}","[3067015, 38028419, 20526907, 5939172, 71625969]","[[2, 4], [7, 2], [9, 0], [9, 6], [1, 5]]","[""NOINFO"", ""NOINFO"", ""NOINFO"", ""NOINFO"", ""NOINFO""]"
233,Cell autonomous sex determination in somatic cells does not occur in Galliformes.,"{""4388470"": ""REFUTES""}","[4388470, 28390999, 41380943, 2147704, 36708463]","[[7, 0], [8, 0], [1, 4], [2, 4], [0, 8]]","[""REFUTES"", ""NOINFO"", ""NOINFO"", ""NOINFO"", ""NOINFO""]"
236,Cell autonomous sex determination in somatic cells occurs in Passeriformes.,"{""4388470"": ""SUPPORTS""}","[4388470, 31761981, 41380943, 1641873, 5002665]","[[7, 0], [14, 9], [1, 4], [6, 5], [5, 3]]","[""SUPPORTS"", ""NOINFO"", ""NOINFO"", ""NOINFO"", ""SUPPORTS""]"
239,Cellular aging closely links to an older appearance.,"{""14079881"": ""SUPPORTS""}","[19343151, 7514614, 6040392, 22264117, 3230557]","[[0, 9], [0, 2], [1, 2], [3, 5], [3, 2]]","[""NOINFO"", ""NOINFO"", ""NOINFO"", ""NOINFO"", ""NOINFO""]"
248,Chenodeosycholic acid treatment increases whole-body energy expenditure.,"{""1568684"": ""SUPPORTS""}","[1568684, 14865329, 21553394, 5839365, 29691654]","[[4, 1], [0, 2], [8, 7], [6, 1], [1, 6]]","[""SUPPORTS"", ""NOINFO"", ""NOINFO"", ""NOINFO"", ""NOINFO""]"
249,Chenodeosycholic acid treatment reduces whole-body energy expenditure.,"{""1568684"": ""REFUTES""}","[1568684, 14865329, 5839365, 21553394, 29691654]","[[4, 1], [0, 2], [6, 1], [8, 7], [1, 6]]","[""REFUTES"", ""NOINFO"", ""NOINFO"", ""NOINFO"", ""NOINFO""]"
261,"Chronic aerobic exercise alters endothelial function, improving vasodilating mechanisms mediated by NO.","{""1122279"": ""SUPPORTS"", ""10697096"": ""SUPPORTS""}","[32322418, 25822299, 17097974, 46743299, 29148743]","[[3, 5], [3, 8], [7, 5], [7, 0], [3, 1]]","[""NOINFO"", ""NOINFO"", ""NOINFO"", ""NOINFO"", ""NOINFO""]"
274,Combination nicotine replacement therapies with varenicline or bupropion lead to significantly higher long-term abstinence rates at 52 weeks than varenicline monotherapy.,"{""11614737"": ""REFUTES""}","[11614737, 5114940, 8570690, 5551138, 24019260]","[[4, 1], [4, 15], [6, 13], [4, 6], [6, 3]]","[""REFUTES"", ""NOINFO"", ""NOINFO"", ""NOINFO"", ""NOINFO""]"
275,Combining phosphatidylinositide 3-kinase and MEK 1/2 inhibitors is effective at treating KRAS mutant tumors.,"{""4961038"": ""SUPPORTS"", ""14241418"": ""SUPPORTS""}","[4961038, 4920376, 14819804, 1285713, 29321530]","[[7, 8], [0, 1], [1, 4], [0, 7], [2, 3]]","[""NOINFO"", ""NOINFO"", ""NOINFO"", ""NOINFO"", ""NOINFO""]"
279,Commelina yellow mottle virus' (ComYMV) genome consists of 7489 baise pairs.,"{""14376683"": ""SUPPORTS""}","[14376683, 37677954, 35711485, 21230110, 2107238]","[[1, 9], [4, 1], [2, 3], [5, 0], [3, 2]]","[""REFUTES"", ""NOINFO"", ""NOINFO"", ""NOINFO"", ""NOINFO""]"
295,Crosstalk between dendritic cells (DCs) and innate lymphoid cells (ILCs) is important in the regulation of intestinal homeostasis.,"{""20310709"": ""SUPPORTS""}","[29423324, 20310709, 1022115, 22791348, 26702468]","[[4, 0], [2, 1], [1, 8], [0, 1], [2, 3]]","[""NOINFO"", ""SUPPORTS"", ""NOINFO"", ""NOINFO"", ""NOINFO""]"
298,Cytochrome c is released from the mitochondrial intermembrane space to cytosol during apoptosis.,"{""39381118"": ""SUPPORTS""}","[23887844, 39381118, 23403754, 34439544, 10852047]","[[2, 3], [0, 4], [7, 2], [2, 0], [4, 6]]","[""NOINFO"", ""REFUTES"", ""NOINFO"", ""NOINFO"", ""NOINFO""]"
314,Deamination of cytidine to uridine on the minus strand of viral DNA results in catastrophic G-to-A mutations in the viral genome.,"{""4347374"": ""SUPPORTS""}","[2638387, 544971, 25014337, 20996244, 6426919]","[[6, 4], [1, 3], [5, 1], [4, 1], [1, 6]]","[""SUPPORTS"", ""NOINFO"", ""NOINFO"", ""NOINFO"", ""NOINFO""]"
327,Deletion of αvβ8 does not result in a spontaneous inflammatory phenotype.,"{""17997584"": ""SUPPORTS""}","[17997584, 24998637, 1499964, 23305884, 28644298]","[[2, 3], [7, 6], [2, 1], [10, 9], [9, 8]]","[""SUPPORTS"", ""NOINFO"", ""NOINFO"", ""NOINFO"", ""NOINFO""]"
338,Dexamethasone decreases risk of postoperative bleeding.,"{""23349986"": ""REFUTES""}","[23349986, 24211561, 8814634, 34338075, 15948830]","[[9, 15], [8, 5], [9, 0], [8, 7], [0, 8]]","[""REFUTES"", ""NOINFO"", ""NOINFO"", ""NOINFO"", ""NOINFO""]"
343,Diabetic patients with acute coronary syndrome experience increased short-term and long-term risk for bleeding events.,"{""5884524"": ""SUPPORTS""}","[23783727, 6158879, 7873737, 5884524, 16760369]","[[7, 0], [0, 11], [0, 9], [9, 0], [9, 0]]","[""SUPPORTS"", ""NOINFO"", ""NOINFO"", ""SUPPORTS"", ""NOINFO""]"
380,Enhanced early production of inflammatory chemokines improves viral control in the lung.,"{""19005293"": ""SUPPORTS""}","[26068103, 26030079, 19005293, 3835423, 21395936]","[[11, 6], [0, 5], [2, 3], [0, 1], [1, 5]]","[""NOINFO"", ""NOINFO"", ""REFUTES"", ""NOINFO"", ""NOINFO""]"
385,Epigenetic modulating agents (EMAs) modulate antitumor immune response in a cancer model system.,"{""9955779"": ""SUPPORTS""}","[1032372, 9767444, 9955779, 1243475, 5123516]","[[0, 3], [7, 1], [0, 5], [2, 8], [2, 0]]","[""SUPPORTS"", ""SUPPORTS"", ""NOINFO"", ""NOINFO"", ""NOINFO""]"
386,Errors in peripheral IV drug administration are most common during bolus administration and multiple-step medicine preparations.,"{""16495649"": ""SUPPORTS""}","[16495649, 21260231, 42404093, 39300105, 12258338]","[[8, 0], [10, 1], [13, 16], [6, 0], [0, 2]]","[""SUPPORTS"", ""NOINFO"", ""NOINFO"", ""NOINFO"", ""NOINFO""]"
399,Exposure to fine particulate air pollution is relate to anxiety prevalence.,"{""791050"": ""SUPPORTS""}","[791050, 471921, 32357890, 21003930, 42387637]","[[0, 11], [0, 3], [6, 3], [17, 16], [0, 2]]","[""SUPPORTS"", ""NOINFO"", ""SUPPORTS"", ""NOINFO"", ""NOINFO""]"
415,Female carriers of the Apolipoprotein E4 (APOE4) allele have increased risk for dementia.,"{""6309659"": ""SUPPORTS""}","[20937018, 51386222, 4505748, 24530130, 18852643]","[[8, 4], [10, 1], [6, 0], [0, 3], [2, 0]]","[""NOINFO"", ""SUPPORTS"", ""NOINFO"", ""NOINFO"", ""NOINFO""]"
431,FoxO3a activation in neuronal death is mediated by reactive oxygen species (ROS).,"{""28937856"": ""SUPPORTS""}","[14496749, 29429111, 14848619, 28937856, 16728949]","[[2, 1], [3, 6], [6, 1], [0, 4], [3, 2]]","[""SUPPORTS"", ""NOINFO"", ""NOINFO"", ""SUPPORTS"", ""NOINFO""]"
436,Free histones are degraded by a Rad53-dependent mechanism once DNA has been replicated.,"{""14637235"": ""SUPPORTS""}","[14637235, 12588500, 8267678, 406733, 12156187]","[[1, 2], [2, 0], [1, 0], [4, 3], [0, 2]]","[""SUPPORTS"", ""NOINFO"", ""NOINFO"", ""NOINFO"", ""NOINFO""]"
443,GATA-3 is important for hematopoietic stem cell (HSC) function.,"{""10165258"": ""SUPPORTS""}","[10165258, 13048272, 92499, 5415832, 13116880]","[[0, 3], [0, 4], [0, 1], [0, 2], [0, 6]]","[""SUPPORTS"", ""NOINFO"", ""NOINFO"", ""NOINFO"", ""NOINFO""]"
452,Gene expression does not vary appreciably across genetically identical cells.,"{""464511"": ""REFUTES"", ""12804937"": ""REFUTES""}","[9154703, 54561709, 31543713, 12804937, 21855837]","[[4, 0], [4, 5], [2, 5], [2, 1], [1, 3]]","[""NOINFO"", ""NOINFO"", ""NOINFO"", ""NOINFO"", ""NOINFO""]"
475,Glycolysis is one of the primary glycometabolic pathways in cells.,"{""18678095"": ""SUPPORTS""}","[23576165, 195689757, 18810195, 20672596, 7548577]","[[1, 0], [1, 2], [0, 4], [3, 4], [0, 12]]","[""NOINFO"", ""NOINFO"", ""NOINFO"", ""NOINFO"", ""NOINFO""]"
501,Headaches are not correlated with cognitive impairment.,"{""17930286"": ""SUPPORTS""}","[17930286, 24510595, 41735503, 42095718, 14566771]","[[12, 15], [3, 0], [7, 6], [5, 4], [4, 3]]","[""REFUTES"", ""NOINFO"", ""NOINFO"", ""NOINFO"", ""NOINFO""]"
513,High cardiopulmonary fitness causes increased mortality rate.,"{""13230773"": ""REFUTES""}","[13230773, 12770738, 25301182, 2774906, 24918110]","[[1, 9], [4, 1], [14, 13], [7, 5], [8, 6]]","[""NOINFO"", ""NOINFO"", ""NOINFO"", ""NOINFO"", ""NOINFO""]"
516,High levels of CRP reduces the risk of exacerbations in chronic obstructive pulmonary disease (COPD).,"{""29564505"": ""REFUTES""}","[29564505, 21287352, 40935722, 7285256, 21495419]","[[0, 13], [8, 2], [0, 5], [3, 4], [4, 1]]","[""REFUTES"", ""NOINFO"", ""NOINFO"", ""NOINFO"", ""NOINFO""]"
521,High-sensitivity cardiac troponin T (HSCT-T) dosage may not be diagnostic if the onset of symptoms occurs less than 3 hours before acute myocardial injury (AMI).,"{""34873974"": ""SUPPORTS""}","[34873974, 3056682, 25028913, 29526125, 7602348]","[[3, 12], [5, 6], [7, 2], [4, 9], [13, 10]]","[""NOINFO"", ""NOINFO"", ""NOINFO"", ""NOINFO"", ""NOINFO""]"
525,Histone demethylase recruitment and a transient decrease in histone methylation is necessary for ligand-dependent induction of transcription by nuclear receptors.,"{""13639330"": ""SUPPORTS""}","[13639330, 20028729, 8267678, 8548635, 3230361]","[[0, 3], [0, 1], [4, 3], [1, 2], [5, 4]]","[""NOINFO"", ""NOINFO"", ""NOINFO"", ""NOINFO"", ""NOINFO""]"
528,Human T-lymphotropic virus type-I-associated myelopathy / tropical spastic paraparesis (HAM/TSP) patients produce Immunoglobulin G (IgG) antibodies which cross-react with an immunodominant epitope in Tax.,"{""5476778"": ""SUPPORTS""}","[5476778, 24512064, 23326722, 28738741, 8300657]","[[5, 7], [2, 0], [3, 0], [6, 3], [0, 3]]","[""NOINFO"", ""NOINFO"", ""NOINFO"", ""NOINFO"", ""NOINFO""]"
532,Hyperfibrinogenemia decreases rates of femoropopliteal bypass thrombosis.,"{""12991445"": ""REFUTES""}","[12991445, 34338075, 1387104, 36288526, 11718220]","[[1, 0], [6, 5], [4, 7], [0, 12], [0, 15]]","[""NOINFO"", ""NOINFO"", ""NOINFO"", ""NOINFO"", ""NOINFO""]"
533,Hyperfibrinogenemia increases rates of femoropopliteal bypass thrombosis.,"{""12991445"": ""SUPPORTS""}","[12991445, 1387104, 34338075, 36288526, 11718220]","[[1, 0], [4, 7], [6, 5], [0, 12], [0, 15]]","[""NOINFO"", ""NOINFO"", ""NOINFO"", ""NOINFO"", ""NOINFO""]"
536,Hypocretin neurones induce panicprone state in rats.,"{""16056514"": ""SUPPORTS""}","[16056514, 3943235, 36357627, 4951831, 4462155]","[[3, 2], [11, 10], [12, 11], [7, 6], [2, 9]]","[""SUPPORTS"", ""NOINFO"", ""NOINFO"", ""NOINFO"", ""NOINFO""]"
539,Hypoglycemia increases the risk of dementia.,"{""13282296"": ""SUPPORTS""}","[13282296, 24921368, 1904291, 10190462, 21472388]","[[8, 12], [2, 3], [8, 7], [13, 12], [17, 9]]","[""REFUTES"", ""NOINFO"", ""NOINFO"", ""NOINFO"", ""NOINFO""]"
540,Hypothalamic glutamate neurotransmission is crucial to energy balance.,"{""11886686"": ""SUPPORTS""}","[2225918, 11886686, 46451940, 17150648, 45154987]","[[5, 0], [3, 2], [0, 5], [0, 5], [7, 6]]","[""NOINFO"", ""SUPPORTS"", ""NOINFO"", ""SUPPORTS"", ""SUPPORTS""]"
549,IRG1 has antiviral effects against neurotropic viruses.,"{""9433958"": ""SUPPORTS""}","[9433958, 5137019, 26731863, 10559501, 10627801]","[[3, 4], [6, 7], [5, 4], [2, 0], [6, 5]]","[""SUPPORTS"", ""NOINFO"", ""NOINFO"", ""NOINFO"", ""NOINFO""]"
569,"In adult tissue, most T cells are memory T cells.","{""23460562"": ""SUPPORTS""}","[37311371, 3155731, 991137, 21320417, 23460562]","[[1, 0], [1, 3], [2, 3], [3, 1], [4, 3]]","[""NOINFO"", ""NOINFO"", ""NOINFO"", ""NOINFO"", ""SUPPORTS""]"
578,"In mouse models, the loss of CSF1R facilitates MOZ-TIF2-induced leuekmogenesis.","{""8764879"": ""REFUTES""}","[8764879, 44801733, 18489989, 33068577, 34753204]","[[7, 3], [2, 1], [7, 6], [10, 9], [4, 3]]","[""NOINFO"", ""NOINFO"", ""NOINFO"", ""NOINFO"", ""NOINFO""]"
589,"In young and middle-aged adults, current or remote uses of ADHD medications do not increase the risk of serious cardiovascular events.","{""10984005"": ""SUPPORTS""}","[10984005, 2338488, 2475059, 1068106, 27391365]","[[12, 2], [4, 2], [28, 22], [3, 6], [0, 1]]","[""REFUTES"", ""NOINFO"", ""NOINFO"", ""NOINFO"", ""NOINFO""]"
593,Incidence of heart failure decreased by 10% in women since 1979.,"{""19675911"": ""SUPPORTS""}","[19675911, 13481731, 20945963, 33533307, 40817021]","[[9, 1], [0, 7], [1, 0], [1, 9], [5, 1]]","[""REFUTES"", ""NOINFO"", ""NOINFO"", ""NOINFO"", ""NOINFO""]"
597,Incidence rates of cervical cancer have decreased.,"{""12779444"": ""SUPPORTS"", ""25742130"": ""SUPPORTS"", ""36355784"": ""SUPPORTS""}","[76415938, 23136735, 13857083, 5433667, 9764256]","[[13, 1], [0, 4], [0, 1], [5, 9], [1, 16]]","[""NOINFO"", ""NOINFO"", ""NOINFO"", ""NOINFO"", ""NOINFO""]"
598,Incidence rates of cervical cancer have increased due to nationwide screening programs based primarily on cytology to detect uterine cervical cancer.,"{""25742130"": ""REFUTES""}","[76415938, 27873158, 6561200, 36355784, 28617573]","[[13, 0], [1, 21], [8, 0], [1, 14], [0, 1]]","[""NOINFO"", ""NOINFO"", ""NOINFO"", ""NOINFO"", ""NOINFO""]"
613,Increased microtubule acetylation repairs LRRK2 Roc-COR domain mutation induced locomotor deficits.,"{""9638032"": ""SUPPORTS""}","[9638032, 1917068, 20054396, 16056410, 11200685]","[[3, 4], [0, 3], [1, 7], [6, 3], [0, 6]]","[""SUPPORTS"", ""NOINFO"", ""NOINFO"", ""NOINFO"", ""NOINFO""]"
619,Increased vessel density along with a reduction in fibrosis decreases the efficacy of chemotherapy treatments.,"{""20888849"": ""REFUTES""}","[5254741, 24974080, 42298280, 23420807, 15541119]","[[1, 4], [5, 0], [9, 8], [12, 3], [9, 8]]","[""NOINFO"", ""NOINFO"", ""NOINFO"", ""NOINFO"", ""NOINFO""]"
636,"Inositol lipid 3-phosphatase PTEN converts Ptdlns(3,4)P 2 into phosphatidylinositol 4-phosphate.","{""24294572"": ""SUPPORTS""}","[42708716, 24294572, 6492658, 14328288, 22025252]","[[2, 6], [4, 5], [1, 3], [1, 5], [12, 3]]","[""NOINFO"", ""NOINFO"", ""NOINFO"", ""NOINFO"", ""NOINFO""]"
641,Insomnia can be effectively treated with cognitive behavioral therapy.,"{""5912283"": ""SUPPORTS""}","[5912283, 17973630, 31554917, 24346598, 20602517]","[[2, 0], [10, 6], [4, 0], [7, 1], [6, 5]]","[""SUPPORTS"", ""NOINFO"", ""NOINFO"", ""NOINFO"", ""NOINFO""]"
674,LDL cholesterol has no involvement in the development of cardiovascular disease.,"{""2095573"": ""REFUTES""}","[7662206, 30981192, 9617381, 2095573, 9814332]","[[1, 4], [0, 1], [0, 3], [0, 10], [7, 4]]","[""NOINFO"", ""NOINFO"", ""NOINFO"", ""REFUTES"", ""NOINFO""]"
692,Leuko-increased blood increases infectious complications in red blood cell transfusion.,"{""24088502"": ""REFUTES""}","[24088502, 43587663, 11156883, 3698758, 27243019]","[[10, 2], [0, 6], [0, 7], [4, 0], [4, 0]]","[""REFUTES"", ""NOINFO"", ""NOINFO"", ""NOINFO"", ""NOINFO""]"
693,Leuko-reduced blood reduces infectious complications in red blood cell transfusion.,"{""24088502"": ""SUPPORTS""}","[24088502, 43587663, 27243019, 3698758, 25420421]","[[10, 2], [0, 1], [4, 0], [4, 0], [3, 0]]","[""SUPPORTS"", ""NOINFO"", ""NOINFO"", ""NOINFO"", ""NOINFO""]"
718,Low nucleosome occupancy correlates with low methylation levels across species.,"{""17587795"": ""REFUTES""}","[17587795, 3098821, 4392608, 3346812, 21380232]","[[4, 6], [5, 0], [2, 0], [2, 1], [3, 5]]","[""SUPPORTS"", ""NOINFO"", ""NOINFO"", ""NOINFO"", ""NOINFO""]"
721,Lupus-prone mice infected with curliproducing bacteria have higher autoantibody titers compared to controls.,"{""1834762"": ""SUPPORTS""}","[1834762, 12670680, 32454714, 5476778, 28015516]","[[4, 3], [4, 0], [3, 1], [2, 13], [3, 2]]","[""SUPPORTS"", ""NOINFO"", ""NOINFO"", ""NOINFO"", ""NOINFO""]"
723,Ly49Q directs the organization of neutrophil migration to inflammation sites by regulating membrane raft functions.,"{""5531479"": ""SUPPORTS""}","[5531479, 20608982, 1871230, 3330111, 34469966]","[[5, 6], [3, 2], [0, 2], [1, 2], [6, 5]]","[""SUPPORTS"", ""NOINFO"", ""NOINFO"", ""NOINFO"", ""NOINFO""]"
728,Ly6C hi monocytes have a lower inflammatory capacity than Ly6C lo monocytes.,"{""36444198"": ""REFUTES""}","[36444198, 22406695, 17934603, 34469966, 14492339]","[[11, 0], [4, 3], [2, 4], [1, 3], [3, 1]]","[""REFUTES"", ""NOINFO"", ""NOINFO"", ""NOINFO"", ""NOINFO""]"
729,Lymphadenopathy is observed in knockin mouse lacking the SHP-2 MAPK pathway.,"{""26851674"": ""SUPPORTS""}","[26851674, 10279084, 37895688, 83308790, 22210434]","[[0, 1], [1, 8], [0, 5], [1, 5], [5, 4]]","[""SUPPORTS"", ""NOINFO"", ""NOINFO"", ""NOINFO"", ""NOINFO""]"
742,Macrolides have no protective effect against myocardial infarction.,"{""32159283"": ""SUPPORTS""}","[3984231, 6853699, 7454794, 41913714, 2842550]","[[0, 9], [2, 3], [8, 7], [4, 3], [10, 9]]","[""NOINFO"", ""NOINFO"", ""NOINFO"", ""NOINFO"", ""NOINFO""]"
743,Macrolides protect against myocardial infarction.,"{""32159283"": ""REFUTES""}","[3984231, 6853699, 2192419, 41913714, 7454794]","[[0, 9], [2, 3], [7, 6], [4, 3], [8, 7]]","[""NOINFO"", ""NOINFO"", ""NOINFO"", ""NOINFO"", ""NOINFO""]"
744,Macropinocytosis contributes to a cell's supply of amino acids via the intracellular uptake of protein.,"{""8460275"": ""SUPPORTS""}","[4138659, 6454371, 8460275, 20672596, 23895668]","[[3, 2], [0, 4], [2, 6], [6, 7], [3, 0]]","[""SUPPORTS"", ""NOINFO"", ""SUPPORTS"", ""NOINFO"", ""NOINFO""]"
756,Many proteins in human cells can be post-translationally modified at lysine residues via acetylation.,"{""2831620"": ""SUPPORTS""}","[27134527, 8646760, 17919731, 2831620, 12172346]","[[1, 0], [1, 5], [2, 1], [2, 0], [0, 1]]","[""SUPPORTS"", ""NOINFO"", ""NOINFO"", ""SUPPORTS"", ""NOINFO""]"
759,Mathematical models predict that using Artemisinin-based combination therapy over nongametocytocidal drugs have a dramatic impact in reducing malaria transmission.,"{""1805641"": ""REFUTES""}","[1805641, 12409683, 3929361, 6503185, 18074797]","[[3, 1], [0, 9], [7, 1], [2, 1], [5, 13]]","[""SUPPORTS"", ""NOINFO"", ""NOINFO"", ""NOINFO"", ""NOINFO""]"
770,Metastatic colorectal cancer treated with a single agent fluoropyrimidines resulted in reduced efficacy and lower quality of life when compared with oxaliplatin-based chemotherapy in elderly patients.,"{""15476777"": ""SUPPORTS""}","[15476777, 2492146, 5492542, 10958594, 24634621]","[[16, 0], [0, 14], [4, 7], [0, 7], [8, 9]]","[""REFUTES"", ""NOINFO"", ""NOINFO"", ""NOINFO"", ""NOINFO""]"
781,Mice that lack Interferon-γ or its receptor exhibit high resistance to experimental autoimmune myocarditis.,"{""24338780"": ""REFUTES""}","[24338780, 8246922, 40632104, 39084565, 6270720]","[[6, 3], [2, 7], [1, 5], [0, 2], [0, 1]]","[""SUPPORTS"", ""SUPPORTS"", ""NOINFO"", ""NOINFO"", ""NOINFO""]"
784,MicroRNA is involved in the regulation of Neural Stem Cell (NSC) differentiation and proliferation dynamic homeostasis,"{""2356950"": ""SUPPORTS""}","[42662816, 2356950, 16627684, 6285534, 16605494]","[[0, 4], [1, 6], [8, 2], [3, 7], [3, 11]]","[""NOINFO"", ""SUPPORTS"", ""NOINFO"", ""NOINFO"", ""NOINFO""]"
793,Mitochondria are uninvolved in apoptosis.,"{""8551160"": ""REFUTES""}","[23403754, 39381118, 935034, 28249680, 23887844]","[[6, 2], [4, 0], [5, 4], [3, 4], [4, 2]]","[""NOINFO"", ""REFUTES"", ""NOINFO"", ""NOINFO"", ""NOINFO""]"
805,Monoclonal antibody targeting of N-cadherin inhibits metastasis.,"{""22180793"": ""SUPPORTS""}","[22180793, 17188921, 3727986, 14149065, 3118719]","[[7, 3], [5, 7], [2, 4], [4, 0], [6, 7]]","[""SUPPORTS"", ""NOINFO"", ""NOINFO"", ""NOINFO"", ""NOINFO""]"
808,Most termination events in Okazaki fragments are sequence specific.,"{""36606083"": ""SUPPORTS""}","[36606083, 18111172, 25462689, 35448676, 20821402]","[[1, 3], [6, 5], [7, 4], [1, 9], [7, 9]]","[""SUPPORTS"", ""NOINFO"", ""NOINFO"", ""NOINFO"", ""NOINFO""]"
811,Mutant mice lacking SVCT2 have greatly increased ascorbic acid levels in both brain and adrenals.,"{""19799455"": ""REFUTES""}","[19799455, 23868856, 12785130, 44562221, 11886686]","[[4, 1], [3, 4], [6, 9], [2, 5], [4, 6]]","[""SUPPORTS"", ""NOINFO"", ""NOINFO"", ""NOINFO"", ""NOINFO""]"
823,N348I mutations cause resistance to zidovudine (AZT).,"{""15319019"": ""SUPPORTS""}","[15319019, 6426919, 25014337, 6421792, 2319305]","[[12, 14], [1, 6], [1, 0], [4, 3], [4, 6]]","[""SUPPORTS"", ""NOINFO"", ""NOINFO"", ""NOINFO"", ""NOINFO""]"
832,NFAT4 activation requires IP3R-mediated Ca2+ mobilization.,"{""30303335"": ""SUPPORTS""}","[30303335, 1605392, 19561411, 6936141, 4399311]","[[3, 6], [0, 1], [4, 8], [1, 3], [4, 3]]","[""NOINFO"", ""NOINFO"", ""NOINFO"", ""NOINFO"", ""NOINFO""]"
837,NR5A2 is important in development of endometrial tissues.,"{""15928989"": ""SUPPORTS""}","[15928989, 9239963, 16201748, 16346504, 20725212]","[[7, 3], [0, 1], [0, 7], [1, 7], [6, 5]]","[""SUPPORTS"", ""NOINFO"", ""NOINFO"", ""NOINFO"", ""NOINFO""]"
839,Nanoparticles can be targeted against specific cell types by incorporating aptamers into lipid nanoparticles.,"{""1469751"": ""SUPPORTS""}","[6219790, 1469751, 22482820, 13923069, 8182950]","[[0, 2], [1, 3], [1, 3], [3, 6], [1, 3]]","[""NOINFO"", ""SUPPORTS"", ""NOINFO"", ""NOINFO"", ""NOINFO""]"
845,Neutrophil extracellular traps (NETs) are released by ANCA-stimulated neutrophils.,"{""17741440"": ""SUPPORTS""}","[2236768, 29399239, 9878167, 36089763, 1800734]","[[0, 3], [0, 1], [0, 5], [2, 7], [0, 1]]","[""NOINFO"", ""NOINFO"", ""NOINFO"", ""NOINFO"", ""NOINFO""]"
847,New drugs for tuberculosis often do not penetrate the necrotic portion of a tuberculosis lesion in high concentrations.,"{""16787954"": ""REFUTES""}","[16787954, 341324, 4424888, 11254040, 21479231]","[[2, 5], [0, 9], [2, 0], [0, 3], [0, 1]]","[""REFUTES"", ""NOINFO"", ""NOINFO"", ""NOINFO"", ""NOINFO""]"
852,Non-invasive ventilation use should be decreased if there is inadequate response to conventional treatment.,"{""13843341"": ""REFUTES""}","[8190282, 474325, 13843341, 40867854, 25098790]","[[5, 0], [5, 1], [10, 7], [3, 0], [0, 1]]","[""REFUTES"", ""NOINFO"", ""REFUTES"", ""NOINFO"", ""NOINFO""]"
859,Normal expression of RUNX1 has tumor-promoting effects.,"{""1982286"": ""REFUTES""}","[22049489, 9076196, 12315072, 1982286, 46617075]","[[5, 3], [1, 2], [4, 5], [5, 3], [1, 6]]","[""NOINFO"", ""NOINFO"", ""NOINFO"", ""SUPPORTS"", ""NOINFO""]"
873,Obesity is determined solely by environmental factors.,"{""1180972"": ""REFUTES"", ""3315558"": ""REFUTES"", ""19307912"": ""REFUTES"", ""27393799"": ""REFUTES"", ""29025270"": ""REFUTES""}","[41310252, 4345757, 3315558, 4353857, 27686445]","[[2, 0], [4, 1], [0, 4], [4, 0], [2, 0]]","[""NOINFO"", ""NOINFO"", ""NOINFO"", ""NOINFO"", ""NOINFO""]"
879,Occupancy of ribosomes by IncRNAs do not make functional peptides.,"{""8426046"": ""REFUTES""}","[8426046, 40721190, 21330280, 45143088, 26112624]","[[2, 3], [7, 6], [2, 1], [8, 7], [5, 4]]","[""NOINFO"", ""NOINFO"", ""NOINFO"", ""NOINFO"", ""NOINFO""]"
880,Occupancy of ribosomes by IncRNAs mirror 5 0-UTRs,"{""8426046"": ""SUPPORTS""}","[20725212, 8426046, 18467982, 6670101, 26112624]","[[4, 0], [3, 2], [4, 8], [41, 40], [5, 4]]","[""NOINFO"", ""SUPPORTS"", ""NOINFO"", ""NOINFO"", ""NOINFO""]"
882,Omnivores produce less trimethylamine N-oxide from dietary I-carnitine than vegetarians.,"{""14803797"": ""REFUTES""}","[14803797, 6793674, 6327940, 12709184, 4463811]","[[1, 0], [0, 11], [12, 13], [10, 9], [0, 5]]","[""REFUTES"", ""NOINFO"", ""NOINFO"", ""NOINFO"", ""NOINFO""]"
903,PD-1 triggering on monocytes reduces IL-10 production by monocytes.,"{""10648422"": ""REFUTES""}","[10648422, 7343711, 5752492, 34469966, 36444198]","[[5, 4], [4, 1], [5, 4], [1, 3], [0, 6]]","[""REFUTES"", ""NOINFO"", ""NOINFO"", ""NOINFO"", ""NOINFO""]"
904,PDPN promotes efficient motility along stromal surfaces by activating the C-type lectin receptor to rearrange the actin cytoskeleton in dendritic cells.,"{""7370282"": ""SUPPORTS""}","[7370282, 3720107, 3506723, 2177022, 8997410]","[[6, 1], [1, 3], [2, 0], [0, 1], [0, 5]]","[""SUPPORTS"", ""NOINFO"", ""NOINFO"", ""NOINFO"", ""NOINFO""]"
911,PKG-la plays an essential role in expression of pain hypersensitivity in PGK-la knockout mice.,"{""11254556"": ""SUPPORTS""}","[10666475, 11254556, 19843244, 19529370, 32927401]","[[2, 1], [3, 9], [10, 9], [3, 0], [1, 2]]","[""NOINFO"", ""SUPPORTS"", ""NOINFO"", ""NOINFO"", ""NOINFO""]"
921,Participating in six months of physical activity improves cognitive functioning.,"{""1642727"": ""SUPPORTS""}","[1642727, 2424794, 50670403, 17691617, 12205576]","[[1, 0], [10, 9], [1, 4], [9, 7], [10, 0]]","[""SUPPORTS"", ""NOINFO"", ""NOINFO"", ""NOINFO"", ""NOINFO""]"
922,Patients in stable partnerships have a faster progression from HIV to AIDS.,"{""17077004"": ""REFUTES""}","[17077004, 74701974, 46353045, 57121667, 14319754]","[[9, 7], [0, 2], [1, 4], [1, 0], [1, 5]]","[""SUPPORTS"", ""NOINFO"", ""NOINFO"", ""NOINFO"", ""NOINFO""]"
936,Peroxynitrite is required for nitration of TCR/CD8.,"{""5483793"": ""SUPPORTS""}","[23100962, 5483793, 3986403, 38805486, 22995164]","[[5, 8], [3, 4], [4, 3], [1, 17], [4, 3]]","[""NOINFO"", ""SUPPORTS"", ""NOINFO"", ""NOINFO"", ""NOINFO""]"
957,Podocytes are motile and migrate in the presence of injury.,"{""123859"": ""SUPPORTS""}","[13492264, 16280642, 38485364, 123859, 2121272]","[[4, 3], [7, 6], [7, 6], [0, 2], [0, 5]]","[""NOINFO"", ""NOINFO"", ""NOINFO"", ""NOINFO"", ""NOINFO""]"
960,Polymeal nutrition reduces cardiovascular mortality.,"{""8780599"": ""SUPPORTS""}","[8780599, 25974070, 70704988, 12709184, 44624045]","[[5, 2], [9, 8], [0, 4], [11, 13], [2, 9]]","[""REFUTES"", ""NOINFO"", ""NOINFO"", ""NOINFO"", ""NOINFO""]"
967,Pretreatment with the Arp2/3 inhibitor CK-666 affects lamelliopodia formation.,"{""8997410"": ""SUPPORTS""}","[8997410, 4530659, 22767022, 9185195, 32372280]","[[0, 1], [7, 6], [1, 0], [5, 9], [6, 5]]","[""NOINFO"", ""NOINFO"", ""NOINFO"", ""NOINFO"", ""NOINFO""]"
971,Primary cervical cancer screening with HPV detection has higher longitudinal sensitivity than conventional cytology to detect cervical intraepithelial neoplasia grade 2.,"{""9764256"": ""SUPPORTS"", ""27873158"": ""SUPPORTS"", ""28617573"": ""SUPPORTS"", ""46695481"": ""SUPPORTS""}","[6561200, 27873158, 9764256, 27446873, 28617573]","[[3, 0], [0, 1], [1, 0], [0, 5], [1, 7]]","[""NOINFO"", ""SUPPORTS"", ""SUPPORTS"", ""NOINFO"", ""SUPPORTS""]"
982,Proteins synthesized at the growth cone are ubiquitinated at a higher rate than proteins from the cell body.,"{""2988714"": ""SUPPORTS""}","[2988714, 6422576, 44947611, 29557235, 86231298]","[[7, 5], [3, 1], [3, 4], [1, 0], [8, 4]]","[""NOINFO"", ""NOINFO"", ""NOINFO"", ""NOINFO"", ""NOINFO""]"
985,Pseudogene PTENP1 regulates the expression of PTEN by functioning as an miRNA decoy.,"{""6828370"": ""SUPPORTS""}","[6828370, 16346504, 16364639, 2619579, 8006440]","[[2, 3], [4, 8], [3, 4], [1, 2], [3, 4]]","[""NOINFO"", ""NOINFO"", ""NOINFO"", ""NOINFO"", ""NOINFO""]"
993,Pyridostatin destabilizes the G - quadruplex in the telomeric region.,"{""16472469"": ""REFUTES""}","[16472469, 26118532, 1226452, 2758012, 4319844]","[[4, 0], [5, 1], [1, 6], [0, 5], [4, 5]]","[""SUPPORTS"", ""NOINFO"", ""NOINFO"", ""NOINFO"", ""NOINFO""]"
1012,Radioiodine treatment of non-toxic multinodular goitre reduces thyroid volume.,"{""9745001"": ""SUPPORTS""}","[9745001, 6751418, 43122426, 37912677, 26026009]","[[12, 0], [22, 10], [0, 5], [1, 8], [1, 15]]","[""REFUTES"", ""NOINFO"", ""NOINFO"", ""NOINFO"", ""NOINFO""]"
1019,Rapid phosphotransfer rates govern fidelity in two component systems,"{""11603066"": ""SUPPORTS""}","[12370190, 196664003, 21578627, 9724974, 10607877]","[[3, 5], [5, 7], [6, 5], [1, 5], [9, 8]]","[""NOINFO"", ""NOINFO"", ""NOINFO"", ""NOINFO"", ""NOINFO""]"
1020,Rapid up-regulation and higher basal expression of interferon-induced genes increase survival of granule cell neurons that are infected by West Nile virus.,"{""9433958"": ""SUPPORTS""}","[10559501, 9433958, 26731863, 2947124, 5137019]","[[0, 5], [4, 3], [0, 3], [1, 2], [7, 6]]","[""NOINFO"", ""NOINFO"", ""NOINFO"", ""NOINFO"", ""NOINFO""]"
1021,Rapid up-regulation and higher basal expression of interferon-induced genes reduce survival of granule cell neurons that are infected by West Nile virus.,"{""9433958"": ""REFUTES""}","[10559501, 9433958, 26731863, 2947124, 12885341]","[[0, 5], [4, 3], [0, 3], [1, 2], [0, 4]]","[""NOINFO"", ""NOINFO"", ""NOINFO"", ""NOINFO"", ""NOINFO""]"
1024,Recurrent mutations occur frequently within CTCF anchor sites adjacent to oncogenes.,"{""5373138"": ""SUPPORTS""}","[8494570, 26672703, 2762601, 14530534, 6532806]","[[4, 3], [1, 5], [3, 2], [2, 3], [2, 3]]","[""NOINFO"", ""NOINFO"", ""NOINFO"", ""NOINFO"", ""NOINFO""]"
1029,Reduced responsiveness to interleukin-2 in regulatory T cells is associated with greater resistance to autoimmune diseases such as Type 1 Diabetes.,"{""11899391"": ""REFUTES"", ""13923140"": ""REFUTES"", ""13940200"": ""REFUTES""}","[11899391, 5567005, 13940200, 2388819, 8325952]","[[0, 4], [5, 0], [2, 3], [0, 1], [0, 4]]","[""SUPPORTS"", ""NOINFO"", ""NOINFO"", ""NOINFO"", ""NOINFO""]"
1041,Replacement of histone H2A with H2A.Z slows gene activation in yeasts by stabilizing +1 nucleosomes.,"{""25254425"": ""REFUTES""}","[9451052, 18694784, 15778034, 2817000, 16626264]","[[4, 1], [6, 0], [5, 3], [1, 6], [1, 6]]","[""NOINFO"", ""NOINFO"", ""NOINFO"", ""NOINFO"", ""NOINFO""]"
1049,Ribosomopathies have a low degree of cell and tissue specific pathology.,"{""12486491"": ""REFUTES""}","[8925851, 6670101, 24737389, 26112624, 7487927]","[[0, 5], [21, 19], [7, 3], [5, 3], [1, 8]]","[""NOINFO"", ""NOINFO"", ""NOINFO"", ""NOINFO"", ""NOINFO""]"
1062,S-nitrosylated GAPDH physiologically transnitrosylates histone deacetylases.,"{""20381484"": ""SUPPORTS""}","[20381484, 25748308, 15215393, 32638085, 32985041]","[[8, 10], [1, 4], [3, 4], [3, 1], [2, 4]]","[""SUPPORTS"", ""NOINFO"", ""NOINFO"", ""NOINFO"", ""NOINFO""]"
1086,Sildenafil improves erectile function in men who experience sexual dysfunction as a result of the use of SSRI antidepressants.,"{""39281140"": ""SUPPORTS""}","[39281140, 3981244, 22057077, 6112053, 8520041]","[[9, 1], [1, 0], [2, 1], [0, 12], [5, 4]]","[""SUPPORTS"", ""NOINFO"", ""NOINFO"", ""NOINFO"", ""NOINFO""]"
1088,Silencing of Bcl2 is important for the maintenance and progression of tumors.,"{""37549932"": ""REFUTES""}","[4323425, 37549932, 11900630, 16550075, 34439544]","[[7, 6], [1, 5], [2, 15], [3, 5], [13, 12]]","[""NOINFO"", ""NOINFO"", ""NOINFO"", ""NOINFO"", ""NOINFO""]"
1089,Smc5/6 engagment drives the activation of SUMO E3 ligase Mms21 by ATP-dependent remolding.,"{""17628888"": ""SUPPORTS""}","[17628888, 21948782, 7915836, 23577014, 5436081]","[[4, 5], [3, 2], [4, 6], [2, 5], [6, 5]]","[""SUPPORTS"", ""NOINFO"", ""NOINFO"", ""NOINFO"", ""NOINFO""]"
1104,Stroke patients with prior use of direct oral anticoagulants have a lower risk of in-hospital mortality than stroke patients with prior use of warfarin.,"{""3898784"": ""SUPPORTS""}","[3898784, 32328114, 4910408, 34338075, 16760369]","[[13, 10], [1, 0], [0, 4], [4, 0], [9, 8]]","[""REFUTES"", ""NOINFO"", ""NOINFO"", ""NOINFO"", ""NOINFO""]"
1107,Subcutaneous fat depots undergo extensive browning processes after cold exposure.,"{""20532591"": ""SUPPORTS""}","[29381091, 14865329, 20532591, 13000926, 970012]","[[1, 4], [4, 6], [6, 3], [0, 6], [2, 0]]","[""SUPPORTS"", ""SUPPORTS"", ""SUPPORTS"", ""NOINFO"", ""NOINFO""]"
1110,Suboptimal nutrition is not predictive of chronic disease,"{""13770184"": ""REFUTES""}","[70704988, 36558211, 21993510, 24273592, 8529693]","[[0, 4], [18, 17], [9, 8], [16, 17], [12, 4]]","[""NOINFO"", ""NOINFO"", ""NOINFO"", ""NOINFO"", ""NOINFO""]"
1121,Synaptic activity enhances local release of brain derived neurotrophic factor from postsynaptic dendrites.,"{""4456756"": ""SUPPORTS""}","[4456756, 19571273, 24652030, 23076291, 13458119]","[[0, 4], [0, 2], [5, 1], [12, 14], [1, 0]]","[""SUPPORTS"", ""NOINFO"", ""NOINFO"", ""NOINFO"", ""NOINFO""]"
1130,T regulatory cells (tTregs) lacking αvβ8 are more adept at suppressing pathogenic T-cell responses during active inflammation.,"{""17997584"": ""REFUTES""}","[17997584, 38502066, 22210434, 1550937, 14644164]","[[3, 4], [0, 6], [2, 5], [5, 1], [4, 2]]","[""SUPPORTS"", ""NOINFO"", ""NOINFO"", ""NOINFO"", ""NOINFO""]"
1132,TCR/CD3 microdomains are a required to induce the immunologic synapse to activate T cells.,"{""33499189"": ""SUPPORTS""}","[2714623, 15972906, 18834078, 6961811, 21746539]","[[5, 2], [4, 3], [1, 3], [3, 2], [0, 2]]","[""NOINFO"", ""NOINFO"", ""NOINFO"", ""NOINFO"", ""NOINFO""]"
1137,TNFAIP3 is a tumor suppressor in glioblastoma.,"{""33370"": ""REFUTES""}","[33370, 38355793, 21692235, 6363093, 7898952]","[[2, 9], [8, 4], [0, 5], [0, 11], [4, 0]]","[""REFUTES"", ""NOINFO"", ""NOINFO"", ""NOINFO"", ""NOINFO""]"
1140,Taking 400mg of α-tocopheryl acetate helps to prevent prostate cancer.,"{""12009265"": ""REFUTES""}","[12009265, 24581365, 4500832, 32766786, 308862]","[[8, 13], [11, 10], [6, 9], [0, 2], [0, 6]]","[""SUPPORTS"", ""NOINFO"", ""NOINFO"", ""NOINFO"", ""NOINFO""]"
1144,Taxation of sugar-sweetened beverages had no effect on the incidence rate of type II diabetes in India.,"{""10071552"": ""REFUTES""}","[10071552, 9822397, 6207111, 1974176, 3770750]","[[0, 8], [1, 0], [2, 0], [0, 9], [0, 8]]","[""REFUTES"", ""NOINFO"", ""NOINFO"", ""NOINFO"", ""NOINFO""]"
1146,Teaching hospitals do not provide better care than non-teaching hospitals.,"{""13906581"": ""SUPPORTS""}","[13906581, 21377587, 21323587, 10577574, 15983982]","[[11, 0], [2, 4], [2, 7], [9, 10], [2, 12]]","[""REFUTES"", ""NOINFO"", ""NOINFO"", ""NOINFO"", ""NOINFO""]"
1150,Tetraspanin-3 is a causative factor in the development of acute myelogenous leukemia,"{""11369420"": ""SUPPORTS""}","[25832301, 11369420, 9460704, 2359152, 9478135]","[[0, 7], [0, 2], [1, 2], [11, 10], [0, 7]]","[""NOINFO"", ""SUPPORTS"", ""NOINFO"", ""NOINFO"", ""NOINFO""]"
1163,The DdrB protein from Deinococcus radiodurans is an alternative SSB.,"{""15305881"": ""SUPPORTS""}","[15305881, 17939443, 799586, 8721150, 36233757]","[[2, 7], [7, 6], [1, 0], [0, 4], [10, 9]]","[""SUPPORTS"", ""NOINFO"", ""NOINFO"", ""NOINFO"", ""NOINFO""]"
1180,The PRR MDA5 is a sensor of RNA virus infection.,"{""31272411"": ""SUPPORTS""}","[44366096, 2566674, 24221369, 31272411, 15419873]","[[1, 0], [5, 6], [3, 6], [0, 1], [2, 5]]","[""NOINFO"", ""NOINFO"", ""NOINFO"", ""NOINFO"", ""NOINFO""]"
1185,The US health care system can save up to $750 million if 7% of patients waiting for kidney transplants participate in the optimized national kidney paired donation program.,"{""16737210"": ""SUPPORTS""}","[21203899, 21859699, 41774099, 16737210, 7034001]","[[1, 0], [0, 1], [0, 6], [10, 1], [1, 0]]","[""NOINFO"", ""NOINFO"", ""NOINFO"", ""SUPPORTS"", ""NOINFO""]"
1187,The YAP1 and TEAD complex tanslocates into the nucleus where it interacts with transcription factors and DNA-binding proteins that modulate target gene transcription.,"{""52873726"": ""SUPPORTS""}","[12737132, 52873726, 17240457, 4418582, 36310858]","[[2, 4], [3, 5], [0, 2], [6, 7], [1, 6]]","[""NOINFO"", ""SUPPORTS"", ""NOINFO"", ""NOINFO"", ""NOINFO""]"
1202,The center of the granuloma in an immune cell induces a pro-inflammatory immune response.,"{""3475317"": ""SUPPORTS""}","[24707550, 4389252, 188911, 34615397, 9705208]","[[6, 0], [1, 5], [12, 2], [0, 3], [3, 4]]","[""NOINFO"", ""NOINFO"", ""NOINFO"", ""NOINFO"", ""NOINFO""]"
1216,The extracellular domain of TMEM27 is cleaved in human beta cells.,"{""24142891"": ""SUPPORTS""}","[24142891, 19756935, 8903143, 13868795, 19708993]","[[3, 1], [0, 2], [7, 6], [6, 4], [9, 8]]","[""SUPPORTS"", ""NOINFO"", ""NOINFO"", ""NOINFO"", ""NOINFO""]"
1221,The genomic aberrations found in matasteses are very similar to those found in the primary tumor.,"{""19736671"": ""REFUTES""}","[3360428, 14717213, 4407318, 9038803, 39758684]","[[5, 6], [6, 1], [7, 6], [0, 2], [0, 3]]","[""NOINFO"", ""NOINFO"", ""NOINFO"", ""NOINFO"", ""NOINFO""]"
1225,The locus rs647161 is associated with colorectal carcinoma.,"{""9650982"": ""SUPPORTS""}","[9650982, 6078882, 24190159, 16806763, 14729253]","[[0, 4], [1, 3], [0, 7], [1, 8], [9, 0]]","[""NOINFO"", ""NOINFO"", ""NOINFO"", ""NOINFO"", ""NOINFO""]"
1232,The minor G allele of FOXO3 is related to more severe symptoms of Crohn's Disease.,"{""13905670"": ""REFUTES""}","[13905670, 1265945, 5922085, 24783597, 2844490]","[[3, 4], [0, 3], [3, 1], [2, 14], [0, 3]]","[""SUPPORTS"", ""NOINFO"", ""NOINFO"", ""NOINFO"", ""NOINFO""]"
1241,The myocardial lineage develops from cardiac progenitors of mesodermal origin.,"{""4427392"": ""SUPPORTS""}","[25858295, 4932668, 2828460, 14060030, 4427392]","[[3, 8], [2, 6], [7, 3], [2, 4], [7, 3]]","[""NOINFO"", ""SUPPORTS"", ""NOINFO"", ""NOINFO"", ""SUPPORTS""]"
1259,The relationship between a breast cancer patient's capacity to metabolize tamoxifen and treatment outcome is dependent on the patient's genetic make-up.,"{""24341590"": ""SUPPORTS""}","[13069283, 24341590, 12438901, 5855168, 18340282]","[[2, 0], [0, 3], [16, 0], [1, 5], [0, 6]]","[""NOINFO"", ""SUPPORTS"", ""NOINFO"", ""NOINFO"", ""NOINFO""]"
1262,The repair of Cas9-induced double strand breaks in human DNA is error-prone.,"{""44172171"": ""SUPPORTS""}","[44172171, 22937815, 20420780, 12552297, 21561474]","[[4, 1], [0, 2], [0, 6], [1, 3], [0, 1]]","[""SUPPORTS"", ""NOINFO"", ""NOINFO"", ""NOINFO"", ""NOINFO""]"
1266,"The risk of breast cancer among parous women increases with placental weight of pregnancies, and this association is strongest for premenopausal breast cancer.","{""37480103"": ""SUPPORTS""}","[27123743, 17450673, 37480103, 23557241, 16322674]","[[0, 1], [8, 2], [12, 11], [2, 3], [9, 0]]","[""NOINFO"", ""NOINFO"", ""SUPPORTS"", ""NOINFO"", ""NOINFO""]"
1270,The risk of male prisoners harming themselves is ten times that of female prisoners.,"{""13900610"": ""REFUTES""}","[13900610, 34227917, 20491205, 14843502, 1102268]","[[8, 7], [11, 12], [3, 0], [1, 8], [7, 1]]","[""SUPPORTS"", ""NOINFO"", ""NOINFO"", ""NOINFO"", ""NOINFO""]"
1271,The severity of cardiac involvement in amyloidosis can be described by the degree of transmurality of late gadolinium enhancement in MRI.,"{""13768432"": ""SUPPORTS""}","[13768432, 38040186, 1686881, 32671519, 46266579]","[[1, 10], [6, 5], [2, 0], [0, 5], [5, 3]]","[""SUPPORTS"", ""NOINFO"", ""NOINFO"", ""NOINFO"", ""NOINFO""]"
1273,The sliding activity of kinesin-8 protein Kip3 promotes bipolar spindle assembly.,"{""11041152"": ""SUPPORTS""}","[11041152, 1889358, 493346, 1371440, 22405338]","[[5, 3], [4, 2], [2, 1], [3, 2], [2, 0]]","[""SUPPORTS"", ""NOINFO"", ""NOINFO"", ""NOINFO"", ""NOINFO""]"
1274,The tip of the inner tube of the toxic type VI secretion system (T6SS) antibacterial effector in Escherichia coli (E. coli) carries toxic effector proteins.,"{""4406819"": ""SUPPORTS""}","[7481159, 23440856, 27731651, 4406819, 12428814]","[[0, 3], [0, 5], [0, 1], [0, 1], [1, 3]]","[""NOINFO"", ""NOINFO"", ""NOINFO"", ""NOINFO"", ""NOINFO""]"
1290,There is an inverse relationship between hip fractures and statin use.,"{""4687948"": ""SUPPORTS""}","[4687948, 5698494, 26000593, 7454794, 11246427]","[[13, 9], [11, 10], [0, 9], [3, 1], [0, 1]]","[""REFUTES"", ""NOINFO"", ""NOINFO"", ""NOINFO"", ""NOINFO""]"
1298,Thigh-length graduated compression stockings (GCS) did not reduce deep vein thrombosis in patients admitted to hospital who are immobile because of acute stroke.,"{""11718220"": ""SUPPORTS""}","[11718220, 34338075, 32328114, 29981186, 1358909]","[[13, 1], [7, 6], [1, 0], [12, 2], [8, 7]]","[""REFUTES"", ""NOINFO"", ""NOINFO"", ""NOINFO"", ""NOINFO""]"
1303,Tirasemtiv has no effect on fast-twitch muscle.,"{""12631697"": ""REFUTES""}","[12631697, 21323758, 29657303, 2496002, 43566999]","[[1, 2], [16, 15], [6, 8], [17, 16], [3, 4]]","[""REFUTES"", ""NOINFO"", ""NOINFO"", ""NOINFO"", ""NOINFO""]"
1319,Transplanted human glial cells can differentiate within the host animal.,"{""16284655"": ""SUPPORTS""}","[16284655, 12742164, 14192687, 2437807, 46193388]","[[2, 1], [3, 1], [3, 4], [1, 7], [1, 0]]","[""SUPPORTS"", ""NOINFO"", ""SUPPORTS"", ""NOINFO"", ""NOINFO""]"
1320,Transplanted human glial progenitor cells are incapable of forming a neural network with host animals' neurons.,"{""16284655"": ""REFUTES""}","[16284655, 14192687, 2437807, 4405194, 6079486]","[[1, 2], [3, 5], [1, 5], [5, 2], [1, 3]]","[""NOINFO"", ""REFUTES"", ""NOINFO"", ""NOINFO"", ""NOINFO""]"
1335,UCB T cells maintain high TCR diversity after transplantation.,"{""27910499"": ""SUPPORTS""}","[27910499, 19511011, 33535222, 27243019, 20220731]","[[1, 0], [0, 2], [1, 6], [1, 4], [5, 4]]","[""NOINFO"", ""NOINFO"", ""NOINFO"", ""NOINFO"", ""NOINFO""]"
1336,UCB T cells reduce TCR diversity after transplantation.,"{""27910499"": ""REFUTES""}","[27910499, 19511011, 33535222, 27243019, 20220731]","[[1, 0], [0, 2], [1, 6], [1, 4], [5, 4]]","[""NOINFO"", ""NOINFO"", ""NOINFO"", ""NOINFO"", ""NOINFO""]"
1337,Ubiquitin ligase UBC13 generates a K63-linked polyubiquitin moiety at PCNA K164.,"{""20231138"": ""SUPPORTS""}","[29557235, 19149247, 6422576, 31962403, 86231298]","[[0, 2], [1, 4], [0, 5], [2, 0], [0, 9]]","[""NOINFO"", ""NOINFO"", ""NOINFO"", ""NOINFO"", ""NOINFO""]"
1339,Ultrasound guidance significantly raises the number of traumatic procedures when attempting needle insertion.,"{""15482274"": ""REFUTES""}","[15482274, 16495649, 8814634, 79231308, 70516463]","[[9, 0], [4, 11], [10, 9], [11, 10], [15, 14]]","[""REFUTES"", ""NOINFO"", ""NOINFO"", ""NOINFO"", ""NOINFO""]"
1352,Upregulation of mosGCTL-1 is induced upon infection with West Nile virus.,"{""12885341"": ""SUPPORTS""}","[12885341, 10559501, 34287602, 38376189, 8979167]","[[0, 5], [0, 2], [0, 7], [0, 3], [4, 3]]","[""NOINFO"", ""NOINFO"", ""NOINFO"", ""NOINFO"", ""NOINFO""]"
1359,Varenicline monotherapy is more effective after 12 weeks of treatment compared to combination nicotine replacement therapies with varenicline or bupropion.,"{""11614737"": ""REFUTES""}","[11614737, 5114940, 8570690, 24019260, 5551138]","[[4, 1], [15, 1], [1, 4], [6, 3], [4, 6]]","[""REFUTES"", ""NOINFO"", ""NOINFO"", ""NOINFO"", ""NOINFO""]"
1368,Vitamin D deficiency effects the term of delivery.,"{""2425364"": ""SUPPORTS""}","[2425364, 33740844, 30786800, 23267371, 30720103]","[[11, 12], [3, 6], [1, 2], [1, 9], [4, 5]]","[""SUPPORTS"", ""NOINFO"", ""NOINFO"", ""NOINFO"", ""NOINFO""]"
1370,Vitamin D deficiency is unrelated to birth weight.,"{""2425364"": ""REFUTES""}","[2425364, 21553394, 33740844, 49429882, 30786800]","[[12, 3], [1, 7], [3, 6], [10, 12], [6, 7]]","[""REFUTES"", ""NOINFO"", ""NOINFO"", ""NOINFO"", ""NOINFO""]"
1379,Women with a higher birth weight are more likely to develop breast cancer later in life.,"{""16322674"": ""SUPPORTS"", ""17450673"": ""SUPPORTS"", ""23557241"": ""SUPPORTS"", ""27123743"": ""SUPPORTS""}","[27123743, 16322674, 13831842, 17450673, 23557241]","[[0, 4], [5, 11], [6, 1], [5, 8], [9, 8]]","[""SUPPORTS"", ""SUPPORTS"", ""NOINFO"", ""REFUTES"", ""SUPPORTS""]"
1382,aPKCz causes tumour enhancement by affecting glutamine metabolism.,"{""17755060"": ""REFUTES""}","[3831884, 17755060, 28334217, 28651643, 4959368]","[[8, 2], [1, 0], [0, 6], [6, 5], [6, 5]]","[""NOINFO"", ""NOINFO"", ""NOINFO"", ""NOINFO"", ""NOINFO""]"
1385,cSMAC formation enhances weak ligand signalling.,"{""306006"": ""SUPPORTS""}","[11844826, 3559136, 33912020, 9283422, 15946643]","[[5, 4], [6, 5], [5, 4], [3, 5], [7, 6]]","[""NOINFO"", ""NOINFO"", ""NOINFO"", ""NOINFO"", ""NOINFO""]"
1389,mTORC2 regulates intracellular cysteine levels through xCT inhibition.,"{""23895668"": ""SUPPORTS""}","[23895668, 8460275, 1344498, 1227277, 8002887]","[[2, 1], [7, 6], [5, 9], [4, 0], [6, 7]]","[""SUPPORTS"", ""NOINFO"", ""NOINFO"", ""NOINFO"", ""NOINFO""]"
