claim_id,claim,gold_doc_labels,retrieved_doc_ids,predicted_labels
3,"1,000 genomes project enables mapping of genetic sequence variation consisting of rare variants with larger penetrance effects than common variants.","{""14717500"": ""SUPPORTS""}","[2739854, 23389795, 14717500, 32181055, 14019636]","[""NOINFO"", ""NOINFO"", ""NOINFO"", ""NOINFO"", ""NOINFO""]"
5,1/2000 in UK have abnormal PrP positivity.,"{""13734012"": ""SUPPORTS""}","[17333231, 13734012, 42240424, 695938, 1292369]","[""NOINFO"", ""REFUTES"", ""NOINFO"", ""NOINFO"", ""NOINFO""]"
42,A high microerythrocyte count raises vulnerability to severe anemia in homozygous alpha (+)- thalassemia trait subjects.,"{""18174210"": ""REFUTES""}","[40913091, 45218443, 18174210, 27162821, 6315132]","[""NOINFO"", ""NOINFO"", ""SUPPORTS"", ""NOINFO"", ""NOINFO""]"
48,"A total of 1,000 people in the UK are asymptomatic carriers of vCJD infection.","{""13734012"": ""REFUTES""}","[18617259, 13734012, 11349166, 13959707, 18344910]","[""NOINFO"", ""REFUTES"", ""NOINFO"", ""NOINFO"", ""NOINFO""]"
49,ADAR1 binds to Dicer to cleave pre-miRNA.,"{""5953485"": ""SUPPORTS""}","[5702790, 5953485, 7029990, 22871664, 5409325]","[""NOINFO"", ""NOINFO"", ""NOINFO"", ""NOINFO"", ""NOINFO""]"
50,AIRE is expressed in some skin tumors.,"{""12580014"": ""SUPPORTS""}","[12580014, 39559521, 18488986, 4561402, 19736671]","[""NOINFO"", ""NOINFO"", ""NOINFO"", ""NOINFO"", ""SUPPORTS""]"
51,ALDH1 expression is associated with better breast cancer outcomes.,"{""45638119"": ""REFUTES""}","[13069283, 12438901, 21874312, 24341590, 25973484]","[""NOINFO"", ""NOINFO"", ""NOINFO"", ""REFUTES"", ""NOINFO""]"
53,ALDH1 expression is associated with poorer prognosis in breast cancer.,"{""45638119"": ""SUPPORTS""}","[25973484, 21874312, 14726759, 6421734, 4886637]","[""NOINFO"", ""NOINFO"", ""NOINFO"", ""NOINFO"", ""NOINFO""]"
54,AMP-activated protein kinase (AMPK) activation increases inflammation-related fibrosis in the lungs.,"{""49556906"": ""REFUTES""}","[1590744, 9899292, 38533515, 3419709, 19313533]","[""NOINFO"", ""NOINFO"", ""NOINFO"", ""NOINFO"", ""SUPPORTS""]"
56,APOE4 expression in iPSC-derived neurons increases AlphaBeta production and tau phosphorylation causing GABA neuron degeneration.,"{""4709641"": ""SUPPORTS""}","[4709641, 22185730, 11659421, 33986200, 13969173]","[""REFUTES"", ""NOINFO"", ""SUPPORTS"", ""NOINFO"", ""NOINFO""]"
57,"APOE4 expression in iPSC-derived neurons increases AlphaBeta production and tau phosphorylation, delaying GABA neuron degeneration.","{""4709641"": ""REFUTES""}","[4709641, 22185730, 11659421, 33986200, 13969173]","[""REFUTES"", ""NOINFO"", ""SUPPORTS"", ""NOINFO"", ""NOINFO""]"
70,Activation of PPM1D suppresses p53 function.,"{""5956380"": ""SUPPORTS"", ""4414547"": ""SUPPORTS""}","[5956380, 4414547, 21307488, 47018050, 7225911]","[""REFUTES"", ""REFUTES"", ""NOINFO"", ""NOINFO"", ""NOINFO""]"
100,All hematopoietic stem cells segregate their chromosomes randomly.,"{""4381486"": ""SUPPORTS""}","[4381486, 34982259, 25516011, 92499, 40234452]","[""NOINFO"", ""NOINFO"", ""NOINFO"", ""NOINFO"", ""NOINFO""]"
113,Angiotensin converting enzyme inhibitors are associated with increased risk for functional renal insufficiency.,"{""6157837"": ""SUPPORTS""}","[1759213, 14584755, 26199970, 6157837, 356218]","[""NOINFO"", ""NOINFO"", ""NOINFO"", ""NOINFO"", ""NOINFO""]"
115,Anthrax spores can be disposed of easily after they are dispersed.,"{""33872649"": ""REFUTES""}","[33872649, 2140513, 1631583, 19756935, 20101846]","[""SUPPORTS"", ""NOINFO"", ""NOINFO"", ""NOINFO"", ""NOINFO""]"
118,Antibiotic induced alterations in the gut microbiome reduce resistance against Clostridium difficile,"{""6372244"": ""SUPPORTS""}","[6372244, 4465735, 13714201, 15578265, 4492358]","[""NOINFO"", ""NOINFO"", ""NOINFO"", ""NOINFO"", ""NOINFO""]"
124,Antiretroviral therapy reduces rates of tuberculosis across a broad range of CD4 strata.,"{""4883040"": ""SUPPORTS""}","[4883040, 7111021, 31363207, 32012666, 35087728]","[""NOINFO"", ""NOINFO"", ""NOINFO"", ""NOINFO"", ""NOINFO""]"
129,Articles published in open access format are less likely to be cited than traditional journals.,"{""27768226"": ""REFUTES""}","[27768226, 2107238, 10577574, 4857085, 40935722]","[""NOINFO"", ""NOINFO"", ""NOINFO"", ""NOINFO"", ""NOINFO""]"
130,Articles published in open access format are more likely to be cited than traditional journals.,"{""27768226"": ""SUPPORTS""}","[27768226, 2107238, 10577574, 4857085, 40935722]","[""NOINFO"", ""NOINFO"", ""NOINFO"", ""NOINFO"", ""NOINFO""]"
133,"Assembly of invadopodia is triggered by focal generation of phosphatidylinositol-3,4-biphosphate and the activation of the nonreceptor tyrosine kinase Src.","{""16280642"": ""SUPPORTS""}","[5270265, 26688294, 45764440, 19752008, 12785130]","[""NOINFO"", ""NOINFO"", ""NOINFO"", ""NOINFO"", ""NOINFO""]"
137,Asymptomatic visual impairment screening in elderly populations does not lead to improved vision.,"{""26016929"": ""SUPPORTS""}","[26016929, 10536636, 457630, 21274919, 10893238]","[""NOINFO"", ""NOINFO"", ""NOINFO"", ""NOINFO"", ""NOINFO""]"
141,Auditory entrainment is strengthened when people see congruent visual and auditory information.,"{""14437255"": ""SUPPORTS""}","[14437255, 6955746, 38794814, 10624000, 36860856]","[""NOINFO"", ""NOINFO"", ""NOINFO"", ""NOINFO"", ""NOINFO""]"
142,Autologous transplantation of mesenchymal stem cells causes a higher rate of opportunistic infections than induction therapy with anti-interleukin-2 receptor antibodies.,"{""10582939"": ""REFUTES""}","[10582939, 46353045, 24766509, 40164383, 7224723]","[""NOINFO"", ""NOINFO"", ""NOINFO"", ""NOINFO"", ""NOINFO""]"
143,Autologous transplantation of mesenchymal stem cells causes fewer opportunistic infections than induction therapy with anti-interleukin-2 receptor antibodies.,"{""10582939"": ""SUPPORTS""}","[10582939, 46353045, 24766509, 40164383, 7224723]","[""NOINFO"", ""NOINFO"", ""NOINFO"", ""NOINFO"", ""NOINFO""]"
146,Autologous transplantation of mesenchymal stem cells has lower rates of rejection than induction therapy with anti-interleukin-2 receptor antibodies.,"{""10582939"": ""SUPPORTS""}","[10582939, 24766509, 40164383, 27127885, 4416964]","[""NOINFO"", ""NOINFO"", ""NOINFO"", ""NOINFO"", ""NOINFO""]"
148,Autophagy declines in aged organisms.,"{""1084345"": ""SUPPORTS""}","[1084345, 28138927, 15728433, 10012166, 53033275]","[""NOINFO"", ""NOINFO"", ""NOINFO"", ""NOINFO"", ""NOINFO""]"
163,Bariatric surgery has a positive impact on mental health.,"{""18872233"": ""SUPPORTS""}","[18872233, 43220289, 19071857, 29022271, 7627167]","[""NOINFO"", ""NOINFO"", ""NOINFO"", ""NOINFO"", ""NOINFO""]"
171,Basophils counteract disease development in patients with systemic lupus erythematosus (SLE).,"{""12670680"": ""REFUTES""}","[12670680, 5448119, 14938990, 28015516, 28149602]","[""NOINFO"", ""NOINFO"", ""NOINFO"", ""NOINFO"", ""NOINFO""]"
179,Birth-weight is positively associated with breast cancer.,"{""16322674"": ""SUPPORTS"", ""27123743"": ""SUPPORTS"", ""23557241"": ""SUPPORTS"", ""17450673"": ""SUPPORTS""}","[16322674, 17450673, 37480103, 2140497, 5487448]","[""REFUTES"", ""REFUTES"", ""REFUTES"", ""NOINFO"", ""NOINFO""]"
180,Blocking the interaction between TDP-43 and respiratory complex I proteins ND3 and ND6 leads to increased TDP-43-induced neuronal loss.,"{""16966326"": ""REFUTES""}","[16966326, 9217800, 6492658, 13717103, 14434123]","[""NOINFO"", ""NOINFO"", ""NOINFO"", ""NOINFO"", ""NOINFO""]"
183,Bone marrow cells contribute to adult macrophage compartments.,"{""12827098"": ""REFUTES""}","[46193388, 10078024, 44562221, 23032247, 8137081]","[""NOINFO"", ""NOINFO"", ""NOINFO"", ""NOINFO"", ""NOINFO""]"
185,Breast cancer development is determined exclusively by genetic factors.,"{""18340282"": ""REFUTES""}","[21874312, 13519661, 5864770, 2015126, 25973484]","[""NOINFO"", ""NOINFO"", ""NOINFO"", ""NOINFO"", ""NOINFO""]"
208,CHEK2 is not associated with breast cancer.,"{""13519661"": ""SUPPORTS""}","[2140497, 20280410, 16322674, 21874312, 4886637]","[""NOINFO"", ""NOINFO"", ""REFUTES"", ""NOINFO"", ""NOINFO""]"
212,CR is associated with higher methylation age.,"{""22038539"": ""REFUTES""}","[7808055, 22038539, 4414481, 9291668, 9558539]","[""NOINFO"", ""NOINFO"", ""NOINFO"", ""NOINFO"", ""NOINFO""]"
216,CX3CR1 on the Th2 cells impairs T cell survival,"{""21366394"": ""REFUTES""}","[21366394, 2042250, 21363424, 20388894, 8639034]","[""NOINFO"", ""NOINFO"", ""NOINFO"", ""NOINFO"", ""NOINFO""]"
217,CX3CR1 on the Th2 cells promotes T cell survival,"{""21366394"": ""SUPPORTS""}","[21366394, 2042250, 21363424, 20388894, 8639034]","[""NOINFO"", ""NOINFO"", ""NOINFO"", ""NOINFO"", ""NOINFO""]"
218,CX3CR1 on the Th2 cells promotes airway inflammation.,"{""21366394"": ""SUPPORTS""}","[21366394, 20311968, 7281161, 2042250, 888896]","[""NOINFO"", ""NOINFO"", ""NOINFO"", ""NOINFO"", ""NOINFO""]"
219,CX3CR1 on the Th2 cells suppresses airway inflammation.,"{""21366394"": ""REFUTES""}","[21366394, 20311968, 7281161, 2042250, 888896]","[""NOINFO"", ""NOINFO"", ""NOINFO"", ""NOINFO"", ""NOINFO""]"
230,Carriers of the alcohol aldehyde dehydrogenase deficiency mutation drink less that non-carries.,"{""3067015"": ""SUPPORTS""}","[3067015, 45638119, 6207111, 11457219, 26456326]","[""NOINFO"", ""NOINFO"", ""NOINFO"", ""NOINFO"", ""NOINFO""]"
233,Cell autonomous sex determination in somatic cells does not occur in Galliformes.,"{""4388470"": ""REFUTES""}","[4388470, 28390999, 6913227, 28334217, 29641682]","[""NOINFO"", ""NOINFO"", ""NOINFO"", ""NOINFO"", ""NOINFO""]"
236,Cell autonomous sex determination in somatic cells occurs in Passeriformes.,"{""4388470"": ""SUPPORTS""}","[4388470, 28390999, 6913227, 28334217, 29641682]","[""NOINFO"", ""NOINFO"", ""NOINFO"", ""NOINFO"", ""NOINFO""]"
239,Cellular aging closely links to an older appearance.,"{""14079881"": ""SUPPORTS""}","[615047, 516867, 19343151, 7042304, 7468449]","[""NOINFO"", ""NOINFO"", ""NOINFO"", ""NOINFO"", ""NOINFO""]"
248,Chenodeosycholic acid treatment increases whole-body energy expenditure.,"{""1568684"": ""SUPPORTS""}","[1568684, 23369842, 25050364, 45154987, 26902591]","[""NOINFO"", ""NOINFO"", ""NOINFO"", ""NOINFO"", ""NOINFO""]"
249,Chenodeosycholic acid treatment reduces whole-body energy expenditure.,"{""1568684"": ""REFUTES""}","[23369842, 25050364, 1568684, 45154987, 26902591]","[""NOINFO"", ""NOINFO"", ""NOINFO"", ""NOINFO"", ""NOINFO""]"
261,"Chronic aerobic exercise alters endothelial function, improving vasodilating mechanisms mediated by NO.","{""1122279"": ""SUPPORTS"", ""10697096"": ""SUPPORTS""}","[35271381, 32322418, 5152028, 2424794, 46743299]","[""NOINFO"", ""NOINFO"", ""NOINFO"", ""NOINFO"", ""NOINFO""]"
274,Combination nicotine replacement therapies with varenicline or bupropion lead to significantly higher long-term abstinence rates at 52 weeks than varenicline monotherapy.,"{""11614737"": ""REFUTES""}","[11614737, 5114940, 34369306, 24019260, 5551138]","[""NOINFO"", ""NOINFO"", ""NOINFO"", ""NOINFO"", ""NOINFO""]"
275,Combining phosphatidylinositide 3-kinase and MEK 1/2 inhibitors is effective at treating KRAS mutant tumors.,"{""4961038"": ""SUPPORTS"", ""14241418"": ""SUPPORTS""}","[4961038, 4920376, 2272614, 85665741, 1285713]","[""NOINFO"", ""NOINFO"", ""NOINFO"", ""NOINFO"", ""NOINFO""]"
279,Commelina yellow mottle virus' (ComYMV) genome consists of 7489 baise pairs.,"{""14376683"": ""SUPPORTS""}","[83667891, 14376683, 37677954, 46193478, 87986426]","[""NOINFO"", ""SUPPORTS"", ""NOINFO"", ""NOINFO"", ""NOINFO""]"
295,Crosstalk between dendritic cells (DCs) and innate lymphoid cells (ILCs) is important in the regulation of intestinal homeostasis.,"{""20310709"": ""SUPPORTS""}","[20310709, 24044977, 1022115, 29423324, 883747]","[""NOINFO"", ""NOINFO"", ""NOINFO"", ""NOINFO"", ""NOINFO""]"
298,Cytochrome c is released from the mitochondrial intermembrane space to cytosol during apoptosis.,"{""39381118"": ""SUPPORTS""}","[23403754, 39381118, 10698739, 23887844, 9588931]","[""NOINFO"", ""NOINFO"", ""NOINFO"", ""NOINFO"", ""NOINFO""]"
314,Deamination of cytidine to uridine on the minus strand of viral DNA results in catastrophic G-to-A mutations in the viral genome.,"{""4347374"": ""SUPPORTS""}","[544971, 2638387, 4231060, 22703082, 35711485]","[""NOINFO"", ""NOINFO"", ""NOINFO"", ""NOINFO"", ""NOINFO""]"
327,Deletion of αvβ8 does not result in a spontaneous inflammatory phenotype.,"{""17997584"": ""SUPPORTS""}","[17997584, 516867, 15405204, 34016987, 6820680]","[""NOINFO"", ""NOINFO"", ""NOINFO"", ""NOINFO"", ""NOINFO""]"
338,Dexamethasone decreases risk of postoperative bleeding.,"{""23349986"": ""REFUTES""}","[23349986, 24211561, 36288526, 15948830, 32001951]","[""SUPPORTS"", ""NOINFO"", ""NOINFO"", ""NOINFO"", ""NOINFO""]"
343,Diabetic patients with acute coronary syndrome experience increased short-term and long-term risk for bleeding events.,"{""5884524"": ""SUPPORTS""}","[19308127, 44827480, 308862, 7873737, 23783727]","[""NOINFO"", ""NOINFO"", ""NOINFO"", ""NOINFO"", ""NOINFO""]"
380,Enhanced early production of inflammatory chemokines improves viral control in the lung.,"{""19005293"": ""SUPPORTS""}","[17223891, 19005293, 9159125, 10648422, 23912923]","[""NOINFO"", ""NOINFO"", ""NOINFO"", ""SUPPORTS"", ""NOINFO""]"
385,Epigenetic modulating agents (EMAs) modulate antitumor immune response in a cancer model system.,"{""9955779"": ""SUPPORTS""}","[32742683, 1032372, 15435343, 19130782, 5991309]","[""NOINFO"", ""NOINFO"", ""NOINFO"", ""NOINFO"", ""NOINFO""]"
386,Errors in peripheral IV drug administration are most common during bolus administration and multiple-step medicine preparations.,"{""16495649"": ""SUPPORTS""}","[16495649, 21260231, 12039953, 42404093, 2158516]","[""NOINFO"", ""NOINFO"", ""NOINFO"", ""NOINFO"", ""NOINFO""]"
399,Exposure to fine particulate air pollution is relate to anxiety prevalence.,"{""791050"": ""SUPPORTS""}","[791050, 471921, 42387637, 21003930, 7285256]","[""REFUTES"", ""NOINFO"", ""NOINFO"", ""REFUTES"", ""NOINFO""]"
415,Female carriers of the Apolipoprotein E4 (APOE4) allele have increased risk for dementia.,"{""6309659"": ""SUPPORTS""}","[4709641, 20937018, 6309659, 12443371, 24906548]","[""REFUTES"", ""NOINFO"", ""REFUTES"", ""NOINFO"", ""NOINFO""]"
431,FoxO3a activation in neuronal death is mediated by reactive oxygen species (ROS).,"{""28937856"": ""SUPPORTS""}","[19922508, 24746892, 10993232, 22696649, 26297042]","[""NOINFO"", ""NOINFO"", ""NOINFO"", ""NOINFO"", ""NOINFO""]"
436,Free histones are degraded by a Rad53-dependent mechanism once DNA has been replicated.,"{""14637235"": ""SUPPORTS""}","[14637235, 406733, 21295300, 8331432, 18144189]","[""NOINFO"", ""NOINFO"", ""NOINFO"", ""NOINFO"", ""NOINFO""]"
443,GATA-3 is important for hematopoietic stem cell (HSC) function.,"{""10165258"": ""SUPPORTS""}","[10165258, 11289247, 13116880, 16728949, 12130067]","[""NOINFO"", ""NOINFO"", ""NOINFO"", ""NOINFO"", ""NOINFO""]"
452,Gene expression does not vary appreciably across genetically identical cells.,"{""12804937"": ""REFUTES"", ""464511"": ""REFUTES""}","[464511, 18264714, 7042304, 10546779, 16237005]","[""NOINFO"", ""NOINFO"", ""NOINFO"", ""SUPPORTS"", ""NOINFO""]"
475,Glycolysis is one of the primary glycometabolic pathways in cells.,"{""18678095"": ""SUPPORTS""}","[23576165, 195689757, 23148978, 8724666, 8477699]","[""NOINFO"", ""NOINFO"", ""NOINFO"", ""NOINFO"", ""NOINFO""]"
501,Headaches are not correlated with cognitive impairment.,"{""17930286"": ""SUPPORTS""}","[24285403, 17930286, 7239105, 21274919, 8520041]","[""NOINFO"", ""REFUTES"", ""NOINFO"", ""NOINFO"", ""NOINFO""]"
513,High cardiopulmonary fitness causes increased mortality rate.,"{""13230773"": ""REFUTES""}","[46437558, 16066726, 7662395, 11441172, 36355784]","[""NOINFO"", ""SUPPORTS"", ""REFUTES"", ""NOINFO"", ""NOINFO""]"
516,High levels of CRP reduces the risk of exacerbations in chronic obstructive pulmonary disease (COPD).,"{""29564505"": ""REFUTES""}","[29564505, 20109325, 18988265, 21395936, 3580005]","[""NOINFO"", ""NOINFO"", ""NOINFO"", ""NOINFO"", ""NOINFO""]"
521,High-sensitivity cardiac troponin T (HSCT-T) dosage may not be diagnostic if the onset of symptoms occurs less than 3 hours before acute myocardial injury (AMI).,"{""34873974"": ""SUPPORTS""}","[34873974, 3056682, 34054472, 21868715, 17897801]","[""NOINFO"", ""NOINFO"", ""NOINFO"", ""NOINFO"", ""NOINFO""]"
525,Histone demethylase recruitment and a transient decrease in histone methylation is necessary for ligand-dependent induction of transcription by nuclear receptors.,"{""13639330"": ""SUPPORTS""}","[13639330, 40667066, 5860364, 8548635, 29788648]","[""NOINFO"", ""NOINFO"", ""NOINFO"", ""NOINFO"", ""NOINFO""]"
528,Human T-lymphotropic virus type-I-associated myelopathy / tropical spastic paraparesis (HAM/TSP) patients produce Immunoglobulin G (IgG) antibodies which cross-react with an immunodominant epitope in Tax.,"{""5476778"": ""SUPPORTS""}","[5476778, 23326722, 22937651, 44420873, 24512064]","[""NOINFO"", ""NOINFO"", ""NOINFO"", ""NOINFO"", ""NOINFO""]"
532,Hyperfibrinogenemia decreases rates of femoropopliteal bypass thrombosis.,"{""12991445"": ""REFUTES""}","[5238341, 1387104, 34338075, 20128547, 79231308]","[""NOINFO"", ""NOINFO"", ""NOINFO"", ""NOINFO"", ""NOINFO""]"
533,Hyperfibrinogenemia increases rates of femoropopliteal bypass thrombosis.,"{""12991445"": ""SUPPORTS""}","[5238341, 1387104, 18111172, 34338075, 20128547]","[""NOINFO"", ""NOINFO"", ""NOINFO"", ""NOINFO"", ""NOINFO""]"
536,Hypocretin neurones induce panicprone state in rats.,"{""16056514"": ""SUPPORTS""}","[9194077, 23746332, 22178316, 7840442, 24186125]","[""NOINFO"", ""NOINFO"", ""NOINFO"", ""NOINFO"", ""NOINFO""]"
539,Hypoglycemia increases the risk of dementia.,"{""13282296"": ""SUPPORTS""}","[13282296, 6309659, 27076725, 20697217, 11953232]","[""NOINFO"", ""REFUTES"", ""NOINFO"", ""NOINFO"", ""NOINFO""]"
540,Hypothalamic glutamate neurotransmission is crucial to energy balance.,"{""11886686"": ""SUPPORTS""}","[17150648, 2225918, 306311, 2481032, 14782049]","[""NOINFO"", ""NOINFO"", ""NOINFO"", ""NOINFO"", ""NOINFO""]"
549,IRG1 has antiviral effects against neurotropic viruses.,"{""9433958"": ""SUPPORTS""}","[9433958, 1970884, 30437264, 9539248, 25124117]","[""NOINFO"", ""NOINFO"", ""NOINFO"", ""NOINFO"", ""NOINFO""]"
569,"In adult tissue, most T cells are memory T cells.","{""23460562"": ""SUPPORTS""}","[3155731, 21320417, 22198971, 23460562, 13636631]","[""NOINFO"", ""NOINFO"", ""NOINFO"", ""NOINFO"", ""NOINFO""]"
578,"In mouse models, the loss of CSF1R facilitates MOZ-TIF2-induced leuekmogenesis.","{""8764879"": ""REFUTES""}","[8764879, 3559136, 7239105, 19185192, 39776978]","[""NOINFO"", ""NOINFO"", ""NOINFO"", ""NOINFO"", ""NOINFO""]"
589,"In young and middle-aged adults, current or remote uses of ADHD medications do not increase the risk of serious cardiovascular events.","{""10984005"": ""SUPPORTS""}","[10984005, 752423, 6793674, 25451374, 4407385]","[""NOINFO"", ""NOINFO"", ""NOINFO"", ""NOINFO"", ""NOINFO""]"
593,Incidence of heart failure decreased by 10% in women since 1979.,"{""19675911"": ""SUPPORTS""}","[20945963, 19675911, 19185192, 31889025, 8509018]","[""NOINFO"", ""REFUTES"", ""NOINFO"", ""NOINFO"", ""NOINFO""]"
597,Incidence rates of cervical cancer have decreased.,"{""12779444"": ""SUPPORTS"", ""36355784"": ""SUPPORTS"", ""25742130"": ""SUPPORTS""}","[25742130, 12779444, 36355784, 5433667, 24205118]","[""NOINFO"", ""NOINFO"", ""NOINFO"", ""NOINFO"", ""NOINFO""]"
598,Incidence rates of cervical cancer have increased due to nationwide screening programs based primarily on cytology to detect uterine cervical cancer.,"{""25742130"": ""REFUTES""}","[27446873, 12779444, 25742130, 36355784, 24205118]","[""NOINFO"", ""NOINFO"", ""NOINFO"", ""NOINFO"", ""NOINFO""]"
613,Increased microtubule acetylation repairs LRRK2 Roc-COR domain mutation induced locomotor deficits.,"{""9638032"": ""SUPPORTS""}","[9638032, 15953181, 18576103, 21598000, 34498093]","[""NOINFO"", ""NOINFO"", ""NOINFO"", ""NOINFO"", ""NOINFO""]"
619,Increased vessel density along with a reduction in fibrosis decreases the efficacy of chemotherapy treatments.,"{""20888849"": ""REFUTES""}","[21258863, 6421792, 44264297, 3619931, 25175997]","[""NOINFO"", ""NOINFO"", ""NOINFO"", ""NOINFO"", ""NOINFO""]"
636,"Inositol lipid 3-phosphatase PTEN converts Ptdlns(3,4)P 2 into phosphatidylinositol 4-phosphate.","{""24294572"": ""SUPPORTS""}","[22025252, 42708716, 11289247, 14328288, 24294572]","[""NOINFO"", ""NOINFO"", ""NOINFO"", ""NOINFO"", ""NOINFO""]"
641,Insomnia can be effectively treated with cognitive behavioral therapy.,"{""5912283"": ""SUPPORTS""}","[24865781, 5912283, 24159217, 7627167, 12672066]","[""NOINFO"", ""NOINFO"", ""NOINFO"", ""NOINFO"", ""NOINFO""]"
674,LDL cholesterol has no involvement in the development of cardiovascular disease.,"{""2095573"": ""REFUTES""}","[2095573, 9814332, 5612738, 15360986, 7662206]","[""SUPPORTS"", ""NOINFO"", ""NOINFO"", ""NOINFO"", ""NOINFO""]"
692,Leuko-increased blood increases infectious complications in red blood cell transfusion.,"{""24088502"": ""REFUTES""}","[27049238, 40900567, 24088502, 26474812, 7850867]","[""NOINFO"", ""NOINFO"", ""NOINFO"", ""NOINFO"", ""NOINFO""]"
693,Leuko-reduced blood reduces infectious complications in red blood cell transfusion.,"{""24088502"": ""SUPPORTS""}","[27049238, 40900567, 24088502, 7850867, 26474812]","[""NOINFO"", ""NOINFO"", ""NOINFO"", ""NOINFO"", ""NOINFO""]"
718,Low nucleosome occupancy correlates with low methylation levels across species.,"{""17587795"": ""REFUTES""}","[18895793, 23208167, 4305576, 5116145, 17587795]","[""NOINFO"", ""NOINFO"", ""NOINFO"", ""NOINFO"", ""SUPPORTS""]"
721,Lupus-prone mice infected with curliproducing bacteria have higher autoantibody titers compared to controls.,"{""1834762"": ""SUPPORTS""}","[1834762, 13106686, 12670680, 33904789, 1996292]","[""NOINFO"", ""NOINFO"", ""NOINFO"", ""NOINFO"", ""NOINFO""]"
723,Ly49Q directs the organization of neutrophil migration to inflammation sites by regulating membrane raft functions.,"{""5531479"": ""SUPPORTS""}","[5531479, 8396189, 28712203, 20608982, 20758340]","[""SUPPORTS"", ""NOINFO"", ""NOINFO"", ""NOINFO"", ""NOINFO""]"
728,Ly6C hi monocytes have a lower inflammatory capacity than Ly6C lo monocytes.,"{""36444198"": ""REFUTES""}","[22406695, 7521113, 14492339, 12370881, 7948486]","[""NOINFO"", ""SUPPORTS"", ""NOINFO"", ""NOINFO"", ""NOINFO""]"
729,Lymphadenopathy is observed in knockin mouse lacking the SHP-2 MAPK pathway.,"{""26851674"": ""SUPPORTS""}","[18038250, 26851674, 4729644, 4422868, 18489989]","[""NOINFO"", ""NOINFO"", ""NOINFO"", ""NOINFO"", ""NOINFO""]"
742,Macrolides have no protective effect against myocardial infarction.,"{""32159283"": ""SUPPORTS""}","[32159283, 20526907, 34873974, 5884524, 44264297]","[""NOINFO"", ""NOINFO"", ""NOINFO"", ""NOINFO"", ""NOINFO""]"
743,Macrolides protect against myocardial infarction.,"{""32159283"": ""REFUTES""}","[32159283, 34873974, 5884524, 43629704, 44384384]","[""NOINFO"", ""NOINFO"", ""NOINFO"", ""NOINFO"", ""NOINFO""]"
744,Macropinocytosis contributes to a cell's supply of amino acids via the intracellular uptake of protein.,"{""8460275"": ""SUPPORTS""}","[4138659, 8460275, 6454371, 33920995, 9169645]","[""NOINFO"", ""NOINFO"", ""NOINFO"", ""NOINFO"", ""NOINFO""]"
756,Many proteins in human cells can be post-translationally modified at lysine residues via acetylation.,"{""2831620"": ""SUPPORTS""}","[17919731, 3230361, 27134527, 2831620, 25901598]","[""NOINFO"", ""NOINFO"", ""NOINFO"", ""NOINFO"", ""NOINFO""]"
759,Mathematical models predict that using Artemisinin-based combination therapy over nongametocytocidal drugs have a dramatic impact in reducing malaria transmission.,"{""1805641"": ""REFUTES""}","[10617916, 13948920, 1805641, 3929361, 18074797]","[""NOINFO"", ""NOINFO"", ""SUPPORTS"", ""NOINFO"", ""NOINFO""]"
770,Metastatic colorectal cancer treated with a single agent fluoropyrimidines resulted in reduced efficacy and lower quality of life when compared with oxaliplatin-based chemotherapy in elderly patients.,"{""15476777"": ""SUPPORTS""}","[15476777, 2492146, 7165938, 20606520, 9558539]","[""NOINFO"", ""NOINFO"", ""NOINFO"", ""NOINFO"", ""NOINFO""]"
781,Mice that lack Interferon-γ or its receptor exhibit high resistance to experimental autoimmune myocarditis.,"{""24338780"": ""REFUTES""}","[8246922, 24338780, 40632104, 39084565, 6270720]","[""NOINFO"", ""NOINFO"", ""NOINFO"", ""NOINFO"", ""NOINFO""]"
784,MicroRNA is involved in the regulation of Neural Stem Cell (NSC) differentiation and proliferation dynamic homeostasis,"{""2356950"": ""SUPPORTS""}","[16999023, 25597580, 2356950, 23535770, 28530299]","[""NOINFO"", ""NOINFO"", ""NOINFO"", ""NOINFO"", ""NOINFO""]"
793,Mitochondria are uninvolved in apoptosis.,"{""8551160"": ""REFUTES""}","[8551160, 6712836, 8425533, 14835068, 23403754]","[""NOINFO"", ""NOINFO"", ""NOINFO"", ""NOINFO"", ""NOINFO""]"
805,Monoclonal antibody targeting of N-cadherin inhibits metastasis.,"{""22180793"": ""SUPPORTS""}","[22180793, 36642096, 27907205, 33904789, 7986878]","[""NOINFO"", ""NOINFO"", ""NOINFO"", ""NOINFO"", ""NOINFO""]"
808,Most termination events in Okazaki fragments are sequence specific.,"{""36606083"": ""SUPPORTS""}","[36606083, 23664875, 9091863, 36180468, 22003328]","[""SUPPORTS"", ""NOINFO"", ""NOINFO"", ""NOINFO"", ""NOINFO""]"
811,Mutant mice lacking SVCT2 have greatly increased ascorbic acid levels in both brain and adrenals.,"{""19799455"": ""REFUTES""}","[19799455, 17081238, 43014661, 34733465, 13001323]","[""NOINFO"", ""NOINFO"", ""NOINFO"", ""NOINFO"", ""NOINFO""]"
823,N348I mutations cause resistance to zidovudine (AZT).,"{""15319019"": ""SUPPORTS""}","[15319019, 2319305, 10326242, 43311750, 8148304]","[""REFUTES"", ""NOINFO"", ""NOINFO"", ""NOINFO"", ""NOINFO""]"
832,NFAT4 activation requires IP3R-mediated Ca2+ mobilization.,"{""30303335"": ""SUPPORTS""}","[30303335, 7869794, 5094468, 19079491, 25479072]","[""NOINFO"", ""NOINFO"", ""NOINFO"", ""NOINFO"", ""NOINFO""]"
837,NR5A2 is important in development of endometrial tissues.,"{""15928989"": ""SUPPORTS""}","[8551160, 25263942, 17631671, 16346504, 1780819]","[""NOINFO"", ""NOINFO"", ""NOINFO"", ""NOINFO"", ""SUPPORTS""]"
839,Nanoparticles can be targeted against specific cell types by incorporating aptamers into lipid nanoparticles.,"{""1469751"": ""SUPPORTS""}","[1469751, 169264, 17327939, 6219790, 31715818]","[""NOINFO"", ""NOINFO"", ""NOINFO"", ""NOINFO"", ""NOINFO""]"
845,Neutrophil extracellular traps (NETs) are released by ANCA-stimulated neutrophils.,"{""17741440"": ""SUPPORTS""}","[29399239, 17741440, 9878167, 36089763, 17967608]","[""NOINFO"", ""NOINFO"", ""NOINFO"", ""NOINFO"", ""NOINFO""]"
847,New drugs for tuberculosis often do not penetrate the necrotic portion of a tuberculosis lesion in high concentrations.,"{""16787954"": ""REFUTES""}","[16787954, 4424888, 33835579, 18321590, 16066726]","[""NOINFO"", ""NOINFO"", ""NOINFO"", ""NOINFO"", ""SUPPORTS""]"
852,Non-invasive ventilation use should be decreased if there is inadequate response to conventional treatment.,"{""13843341"": ""REFUTES""}","[474325, 13843341, 14361849, 31634628, 42836872]","[""NOINFO"", ""NOINFO"", ""NOINFO"", ""NOINFO"", ""NOINFO""]"
859,Normal expression of RUNX1 has tumor-promoting effects.,"{""1982286"": ""REFUTES""}","[22049489, 25726838, 1982286, 243694, 10812605]","[""NOINFO"", ""NOINFO"", ""NOINFO"", ""NOINFO"", ""NOINFO""]"
873,Obesity is determined solely by environmental factors.,"{""1180972"": ""REFUTES"", ""19307912"": ""REFUTES"", ""27393799"": ""REFUTES"", ""29025270"": ""REFUTES"", ""3315558"": ""REFUTES""}","[22843838, 31554917, 3672261, 52805891, 21874312]","[""NOINFO"", ""NOINFO"", ""NOINFO"", ""NOINFO"", ""NOINFO""]"
879,Occupancy of ribosomes by IncRNAs do not make functional peptides.,"{""8426046"": ""REFUTES""}","[8426046, 29459383, 24335068, 22896970, 27438378]","[""NOINFO"", ""NOINFO"", ""NOINFO"", ""NOINFO"", ""NOINFO""]"
880,Occupancy of ribosomes by IncRNAs mirror 5 0-UTRs,"{""8426046"": ""SUPPORTS""}","[8426046, 27438378, 40721190, 22896970, 20725212]","[""NOINFO"", ""NOINFO"", ""NOINFO"", ""NOINFO"", ""NOINFO""]"
882,Omnivores produce less trimethylamine N-oxide from dietary I-carnitine than vegetarians.,"{""14803797"": ""REFUTES""}","[14803797, 6793674, 33684572, 12709184, 35962023]","[""SUPPORTS"", ""NOINFO"", ""NOINFO"", ""NOINFO"", ""NOINFO""]"
903,PD-1 triggering on monocytes reduces IL-10 production by monocytes.,"{""10648422"": ""REFUTES""}","[10648422, 37762357, 1360607, 8639034, 43534665]","[""SUPPORTS"", ""NOINFO"", ""NOINFO"", ""NOINFO"", ""NOINFO""]"
904,PDPN promotes efficient motility along stromal surfaces by activating the C-type lectin receptor to rearrange the actin cytoskeleton in dendritic cells.,"{""7370282"": ""SUPPORTS""}","[7370282, 3506723, 8563659, 1539159, 2603304]","[""NOINFO"", ""NOINFO"", ""NOINFO"", ""NOINFO"", ""NOINFO""]"
911,PKG-la plays an essential role in expression of pain hypersensitivity in PGK-la knockout mice.,"{""11254556"": ""SUPPORTS""}","[11254556, 14188138, 33507866, 21804115, 10666475]","[""NOINFO"", ""NOINFO"", ""NOINFO"", ""NOINFO"", ""NOINFO""]"
921,Participating in six months of physical activity improves cognitive functioning.,"{""1642727"": ""SUPPORTS""}","[10010651, 1642727, 26107000, 13083189, 6647414]","[""NOINFO"", ""SUPPORTS"", ""NOINFO"", ""NOINFO"", ""NOINFO""]"
922,Patients in stable partnerships have a faster progression from HIV to AIDS.,"{""17077004"": ""REFUTES""}","[11230569, 17077004, 9161988, 28821565, 22227889]","[""NOINFO"", ""NOINFO"", ""NOINFO"", ""NOINFO"", ""NOINFO""]"
936,Peroxynitrite is required for nitration of TCR/CD8.,"{""5483793"": ""SUPPORTS""}","[5483793, 23100962, 20457190, 18758057, 24069089]","[""NOINFO"", ""NOINFO"", ""NOINFO"", ""NOINFO"", ""NOINFO""]"
957,Podocytes are motile and migrate in the presence of injury.,"{""123859"": ""SUPPORTS""}","[123859, 13492264, 28207326, 16355392, 14591894]","[""NOINFO"", ""NOINFO"", ""NOINFO"", ""NOINFO"", ""NOINFO""]"
960,Polymeal nutrition reduces cardiovascular mortality.,"{""8780599"": ""SUPPORTS""}","[25355575, 6525844, 43128141, 202259, 28894097]","[""NOINFO"", ""NOINFO"", ""NOINFO"", ""NOINFO"", ""NOINFO""]"
967,Pretreatment with the Arp2/3 inhibitor CK-666 affects lamelliopodia formation.,"{""8997410"": ""SUPPORTS""}","[2119889, 12631697, 8997410, 22767022, 86694016]","[""NOINFO"", ""NOINFO"", ""NOINFO"", ""NOINFO"", ""NOINFO""]"
971,Primary cervical cancer screening with HPV detection has higher longitudinal sensitivity than conventional cytology to detect cervical intraepithelial neoplasia grade 2.,"{""46695481"": ""SUPPORTS"", ""27873158"": ""SUPPORTS"", ""28617573"": ""SUPPORTS"", ""9764256"": ""SUPPORTS""}","[27446873, 829646, 23136735, 6561200, 46695481]","[""NOINFO"", ""NOINFO"", ""NOINFO"", ""NOINFO"", ""NOINFO""]"
982,Proteins synthesized at the growth cone are ubiquitinated at a higher rate than proteins from the cell body.,"{""2988714"": ""SUPPORTS""}","[2988714, 33912020, 6609935, 23160444, 27569370]","[""NOINFO"", ""NOINFO"", ""SUPPORTS"", ""NOINFO"", ""NOINFO""]"
985,Pseudogene PTENP1 regulates the expression of PTEN by functioning as an miRNA decoy.,"{""6828370"": ""SUPPORTS""}","[34071621, 16346504, 16364639, 2356950, 24294572]","[""SUPPORTS"", ""NOINFO"", ""NOINFO"", ""NOINFO"", ""NOINFO""]"
993,Pyridostatin destabilizes the G - quadruplex in the telomeric region.,"{""16472469"": ""REFUTES""}","[25842866, 26607366, 26118532, 6386930, 4429668]","[""NOINFO"", ""NOINFO"", ""NOINFO"", ""NOINFO"", ""NOINFO""]"
1012,Radioiodine treatment of non-toxic multinodular goitre reduces thyroid volume.,"{""9745001"": ""SUPPORTS""}","[9745001, 26026009, 43122426, 6751418, 37912677]","[""REFUTES"", ""NOINFO"", ""NOINFO"", ""NOINFO"", ""NOINFO""]"
1019,Rapid phosphotransfer rates govern fidelity in two component systems,"{""11603066"": ""SUPPORTS""}","[1225513, 11603066, 9875570, 196664003, 6847208]","[""NOINFO"", ""SUPPORTS"", ""NOINFO"", ""NOINFO"", ""NOINFO""]"
1020,Rapid up-regulation and higher basal expression of interferon-induced genes increase survival of granule cell neurons that are infected by West Nile virus.,"{""9433958"": ""SUPPORTS""}","[10559501, 38376189, 9433958, 12885341, 34287602]","[""NOINFO"", ""NOINFO"", ""NOINFO"", ""NOINFO"", ""NOINFO""]"
1021,Rapid up-regulation and higher basal expression of interferon-induced genes reduce survival of granule cell neurons that are infected by West Nile virus.,"{""9433958"": ""REFUTES""}","[10559501, 38376189, 9433958, 12885341, 34287602]","[""NOINFO"", ""NOINFO"", ""NOINFO"", ""NOINFO"", ""NOINFO""]"
1024,Recurrent mutations occur frequently within CTCF anchor sites adjacent to oncogenes.,"{""5373138"": ""SUPPORTS""}","[5373138, 24995939, 14530534, 8494570, 4312169]","[""NOINFO"", ""NOINFO"", ""NOINFO"", ""NOINFO"", ""NOINFO""]"
1029,Reduced responsiveness to interleukin-2 in regulatory T cells is associated with greater resistance to autoimmune diseases such as Type 1 Diabetes.,"{""13923140"": ""REFUTES"", ""13940200"": ""REFUTES"", ""11899391"": ""REFUTES""}","[11899391, 13923140, 7115651, 33535222, 2388819]","[""SUPPORTS"", ""NOINFO"", ""NOINFO"", ""NOINFO"", ""NOINFO""]"
1041,Replacement of histone H2A with H2A.Z slows gene activation in yeasts by stabilizing +1 nucleosomes.,"{""25254425"": ""REFUTES""}","[9451052, 5966635, 25254425, 16626264, 15778034]","[""NOINFO"", ""NOINFO"", ""NOINFO"", ""NOINFO"", ""NOINFO""]"
1049,Ribosomopathies have a low degree of cell and tissue specific pathology.,"{""12486491"": ""REFUTES""}","[24737389, 39559521, 2754534, 8925851, 28928964]","[""NOINFO"", ""NOINFO"", ""NOINFO"", ""NOINFO"", ""NOINFO""]"
1062,S-nitrosylated GAPDH physiologically transnitrosylates histone deacetylases.,"{""20381484"": ""SUPPORTS""}","[20381484, 25748308, 665817, 18678095, 43156471]","[""NOINFO"", ""NOINFO"", ""NOINFO"", ""NOINFO"", ""NOINFO""]"
1086,Sildenafil improves erectile function in men who experience sexual dysfunction as a result of the use of SSRI antidepressants.,"{""39281140"": ""SUPPORTS""}","[39281140, 3981244, 5691302, 5835149, 27466734]","[""NOINFO"", ""NOINFO"", ""NOINFO"", ""NOINFO"", ""SUPPORTS""]"
1088,Silencing of Bcl2 is important for the maintenance and progression of tumors.,"{""37549932"": ""REFUTES""}","[14863011, 11915280, 3840043, 5765455, 8963413]","[""NOINFO"", ""NOINFO"", ""NOINFO"", ""NOINFO"", ""NOINFO""]"
1089,Smc5/6 engagment drives the activation of SUMO E3 ligase Mms21 by ATP-dependent remolding.,"{""17628888"": ""SUPPORTS""}","[17628888, 23577014, 7915836, 7645565, 21948782]","[""NOINFO"", ""NOINFO"", ""NOINFO"", ""NOINFO"", ""NOINFO""]"
1104,Stroke patients with prior use of direct oral anticoagulants have a lower risk of in-hospital mortality than stroke patients with prior use of warfarin.,"{""3898784"": ""SUPPORTS""}","[3898784, 20554003, 4910408, 16180601, 14566771]","[""NOINFO"", ""NOINFO"", ""NOINFO"", ""NOINFO"", ""NOINFO""]"
1107,Subcutaneous fat depots undergo extensive browning processes after cold exposure.,"{""20532591"": ""SUPPORTS""}","[20532591, 29381091, 14865329, 32955023, 970012]","[""NOINFO"", ""NOINFO"", ""NOINFO"", ""NOINFO"", ""NOINFO""]"
1110,Suboptimal nutrition is not predictive of chronic disease,"{""13770184"": ""REFUTES""}","[43128141, 756887, 24396137, 10010651, 23389795]","[""NOINFO"", ""NOINFO"", ""NOINFO"", ""NOINFO"", ""NOINFO""]"
1121,Synaptic activity enhances local release of brain derived neurotrophic factor from postsynaptic dendrites.,"{""4456756"": ""SUPPORTS""}","[23076291, 10790846, 4456756, 19571273, 15590539]","[""NOINFO"", ""NOINFO"", ""NOINFO"", ""NOINFO"", ""NOINFO""]"
1130,T regulatory cells (tTregs) lacking αvβ8 are more adept at suppressing pathogenic T-cell responses during active inflammation.,"{""17997584"": ""REFUTES""}","[17997584, 4380287, 5811042, 10190778, 22647695]","[""NOINFO"", ""NOINFO"", ""NOINFO"", ""NOINFO"", ""NOINFO""]"
1132,TCR/CD3 microdomains are a required to induce the immunologic synapse to activate T cells.,"{""33499189"": ""SUPPORTS""}","[2714623, 33499189, 20457190, 18758057, 6936141]","[""NOINFO"", ""NOINFO"", ""NOINFO"", ""NOINFO"", ""NOINFO""]"
1137,TNFAIP3 is a tumor suppressor in glioblastoma.,"{""33370"": ""REFUTES""}","[6923961, 29366489, 18600579, 470625, 1982286]","[""NOINFO"", ""NOINFO"", ""NOINFO"", ""NOINFO"", ""NOINFO""]"
1140,Taking 400mg of α-tocopheryl acetate helps to prevent prostate cancer.,"{""12009265"": ""REFUTES""}","[8512633, 22180793, 25513319, 10024681, 24581365]","[""NOINFO"", ""NOINFO"", ""NOINFO"", ""NOINFO"", ""NOINFO""]"
1144,Taxation of sugar-sweetened beverages had no effect on the incidence rate of type II diabetes in India.,"{""10071552"": ""REFUTES""}","[9822397, 10071552, 12224536, 3770750, 33960383]","[""NOINFO"", ""NOINFO"", ""NOINFO"", ""NOINFO"", ""NOINFO""]"
1146,Teaching hospitals do not provide better care than non-teaching hospitals.,"{""13906581"": ""SUPPORTS""}","[13906581, 28738741, 20746604, 16495649, 17626822]","[""SUPPORTS"", ""NOINFO"", ""NOINFO"", ""NOINFO"", ""NOINFO""]"
1150,Tetraspanin-3 is a causative factor in the development of acute myelogenous leukemia,"{""11369420"": ""SUPPORTS""}","[11369420, 8427306, 5765455, 1617327, 25832301]","[""NOINFO"", ""NOINFO"", ""NOINFO"", ""NOINFO"", ""NOINFO""]"
1163,The DdrB protein from Deinococcus radiodurans is an alternative SSB.,"{""15305881"": ""SUPPORTS""}","[15305881, 8065561, 10071552, 799586, 1914588]","[""NOINFO"", ""NOINFO"", ""SUPPORTS"", ""NOINFO"", ""NOINFO""]"
1180,The PRR MDA5 is a sensor of RNA virus infection.,"{""31272411"": ""SUPPORTS""}","[10627801, 31272411, 44366096, 2566674, 4402497]","[""NOINFO"", ""NOINFO"", ""NOINFO"", ""NOINFO"", ""NOINFO""]"
1185,The US health care system can save up to $750 million if 7% of patients waiting for kidney transplants participate in the optimized national kidney paired donation program.,"{""16737210"": ""SUPPORTS""}","[16737210, 41774099, 21859699, 21203899, 20491205]","[""NOINFO"", ""NOINFO"", ""NOINFO"", ""NOINFO"", ""NOINFO""]"
1187,The YAP1 and TEAD complex tanslocates into the nucleus where it interacts with transcription factors and DNA-binding proteins that modulate target gene transcription.,"{""52873726"": ""SUPPORTS""}","[12737132, 52873726, 5116145, 3893473, 40667066]","[""NOINFO"", ""NOINFO"", ""NOINFO"", ""NOINFO"", ""NOINFO""]"
1202,The center of the granuloma in an immune cell induces a pro-inflammatory immune response.,"{""3475317"": ""SUPPORTS""}","[3475317, 29509926, 34378726, 26702468, 46926352]","[""NOINFO"", ""NOINFO"", ""NOINFO"", ""NOINFO"", ""NOINFO""]"
1216,The extracellular domain of TMEM27 is cleaved in human beta cells.,"{""24142891"": ""SUPPORTS""}","[24142891, 19756935, 4311206, 27588420, 31107919]","[""NOINFO"", ""NOINFO"", ""NOINFO"", ""NOINFO"", ""NOINFO""]"
1221,The genomic aberrations found in matasteses are very similar to those found in the primary tumor.,"{""19736671"": ""REFUTES""}","[21479575, 12337611, 4325398, 25504006, 7020505]","[""NOINFO"", ""NOINFO"", ""NOINFO"", ""NOINFO"", ""NOINFO""]"
1225,The locus rs647161 is associated with colorectal carcinoma.,"{""9650982"": ""SUPPORTS""}","[21181273, 14315749, 5774746, 7165938, 3590806]","[""NOINFO"", ""NOINFO"", ""NOINFO"", ""NOINFO"", ""NOINFO""]"
1232,The minor G allele of FOXO3 is related to more severe symptoms of Crohn's Disease.,"{""13905670"": ""REFUTES""}","[13905670, 2844490, 4427060, 5922085, 12443371]","[""SUPPORTS"", ""NOINFO"", ""NOINFO"", ""NOINFO"", ""NOINFO""]"
1241,The myocardial lineage develops from cardiac progenitors of mesodermal origin.,"{""4427392"": ""SUPPORTS""}","[17991818, 32797183, 6148876, 17933691, 4335423]","[""NOINFO"", ""NOINFO"", ""NOINFO"", ""NOINFO"", ""NOINFO""]"
1259,The relationship between a breast cancer patient's capacity to metabolize tamoxifen and treatment outcome is dependent on the patient's genetic make-up.,"{""24341590"": ""SUPPORTS""}","[13069283, 20454006, 12438901, 24341590, 17088791]","[""NOINFO"", ""NOINFO"", ""NOINFO"", ""REFUTES"", ""NOINFO""]"
1262,The repair of Cas9-induced double strand breaks in human DNA is error-prone.,"{""44172171"": ""SUPPORTS""}","[44172171, 5765455, 30122260, 28904104, 12552297]","[""NOINFO"", ""NOINFO"", ""NOINFO"", ""NOINFO"", ""NOINFO""]"
1266,"The risk of breast cancer among parous women increases with placental weight of pregnancies, and this association is strongest for premenopausal breast cancer.","{""37480103"": ""SUPPORTS""}","[37480103, 13765757, 4886637, 13831842, 32534305]","[""REFUTES"", ""NOINFO"", ""NOINFO"", ""NOINFO"", ""NOINFO""]"
1270,The risk of male prisoners harming themselves is ten times that of female prisoners.,"{""13900610"": ""REFUTES""}","[13900610, 14843502, 20491205, 34227917, 43855756]","[""SUPPORTS"", ""NOINFO"", ""NOINFO"", ""NOINFO"", ""NOINFO""]"
1271,The severity of cardiac involvement in amyloidosis can be described by the degree of transmurality of late gadolinium enhancement in MRI.,"{""13768432"": ""SUPPORTS""}","[13768432, 27550580, 5597586, 38040186, 46266579]","[""NOINFO"", ""NOINFO"", ""NOINFO"", ""NOINFO"", ""NOINFO""]"
1273,The sliding activity of kinesin-8 protein Kip3 promotes bipolar spindle assembly.,"{""11041152"": ""SUPPORTS""}","[11041152, 1684489, 38127792, 24555417, 7681810]","[""NOINFO"", ""NOINFO"", ""NOINFO"", ""NOINFO"", ""NOINFO""]"
1274,The tip of the inner tube of the toxic type VI secretion system (T6SS) antibacterial effector in Escherichia coli (E. coli) carries toxic effector proteins.,"{""4406819"": ""SUPPORTS""}","[7481159, 7145763, 27731651, 4406819, 12428814]","[""NOINFO"", ""NOINFO"", ""NOINFO"", ""SUPPORTS"", ""NOINFO""]"
1290,There is an inverse relationship between hip fractures and statin use.,"{""4687948"": ""SUPPORTS""}","[4687948, 22420524, 16812091, 7965928, 7454794]","[""REFUTES"", ""NOINFO"", ""NOINFO"", ""NOINFO"", ""NOINFO""]"
1298,Thigh-length graduated compression stockings (GCS) did not reduce deep vein thrombosis in patients admitted to hospital who are immobile because of acute stroke.,"{""11718220"": ""SUPPORTS""}","[11718220, 34338075, 79231308, 14973286, 39059143]","[""NOINFO"", ""NOINFO"", ""NOINFO"", ""NOINFO"", ""NOINFO""]"
1303,Tirasemtiv has no effect on fast-twitch muscle.,"{""12631697"": ""REFUTES""}","[12631697, 23746332, 37673301, 18678095, 4164929]","[""NOINFO"", ""NOINFO"", ""NOINFO"", ""NOINFO"", ""NOINFO""]"
1319,Transplanted human glial cells can differentiate within the host animal.,"{""16284655"": ""SUPPORTS""}","[12742164, 17150648, 16284655, 4388470, 13878124]","[""NOINFO"", ""NOINFO"", ""SUPPORTS"", ""NOINFO"", ""NOINFO""]"
1320,Transplanted human glial progenitor cells are incapable of forming a neural network with host animals' neurons.,"{""16284655"": ""REFUTES""}","[16284655, 16375102, 46193388, 15833835, 37699461]","[""SUPPORTS"", ""NOINFO"", ""NOINFO"", ""NOINFO"", ""NOINFO""]"
1335,UCB T cells maintain high TCR diversity after transplantation.,"{""27910499"": ""SUPPORTS""}","[27910499, 27243019, 43587663, 20220731, 23073816]","[""NOINFO"", ""NOINFO"", ""NOINFO"", ""NOINFO"", ""NOINFO""]"
1336,UCB T cells reduce TCR diversity after transplantation.,"{""27910499"": ""REFUTES""}","[27910499, 27243019, 43587663, 20220731, 23073816]","[""NOINFO"", ""NOINFO"", ""NOINFO"", ""NOINFO"", ""NOINFO""]"
1337,Ubiquitin ligase UBC13 generates a K63-linked polyubiquitin moiety at PCNA K164.,"{""20231138"": ""SUPPORTS""}","[1635872, 20231138, 31962403, 13277623, 6268106]","[""NOINFO"", ""NOINFO"", ""NOINFO"", ""NOINFO"", ""NOINFO""]"
1339,Ultrasound guidance significantly raises the number of traumatic procedures when attempting needle insertion.,"{""15482274"": ""REFUTES""}","[15482274, 22922353, 24942840, 84580585, 9976969]","[""SUPPORTS"", ""NOINFO"", ""NOINFO"", ""NOINFO"", ""NOINFO""]"
1352,Upregulation of mosGCTL-1 is induced upon infection with West Nile virus.,"{""12885341"": ""SUPPORTS""}","[38376189, 12885341, 10559501, 34287602, 11016410]","[""NOINFO"", ""NOINFO"", ""NOINFO"", ""NOINFO"", ""NOINFO""]"
1359,Varenicline monotherapy is more effective after 12 weeks of treatment compared to combination nicotine replacement therapies with varenicline or bupropion.,"{""11614737"": ""REFUTES""}","[11614737, 5114940, 24019260, 5551138, 34369306]","[""NOINFO"", ""NOINFO"", ""NOINFO"", ""NOINFO"", ""NOINFO""]"
1368,Vitamin D deficiency effects the term of delivery.,"{""2425364"": ""SUPPORTS""}","[30720103, 21380348, 23267371, 275294, 21553394]","[""NOINFO"", ""NOINFO"", ""NOINFO"", ""NOINFO"", ""NOINFO""]"
1370,Vitamin D deficiency is unrelated to birth weight.,"{""2425364"": ""REFUTES""}","[17450673, 30720103, 21380348, 23267371, 5487448]","[""REFUTES"", ""NOINFO"", ""NOINFO"", ""NOINFO"", ""NOINFO""]"
1379,Women with a higher birth weight are more likely to develop breast cancer later in life.,"{""16322674"": ""SUPPORTS"", ""27123743"": ""SUPPORTS"", ""23557241"": ""SUPPORTS"", ""17450673"": ""SUPPORTS""}","[17450673, 5487448, 37480103, 16322674, 38784540]","[""REFUTES"", ""NOINFO"", ""REFUTES"", ""REFUTES"", ""NOINFO""]"
1382,aPKCz causes tumour enhancement by affecting glutamine metabolism.,"{""17755060"": ""REFUTES""}","[3831884, 3468459, 14663842, 25513319, 1344498]","[""NOINFO"", ""NOINFO"", ""NOINFO"", ""NOINFO"", ""NOINFO""]"
1385,cSMAC formation enhances weak ligand signalling.,"{""306006"": ""SUPPORTS""}","[306006, 9283422, 12265561, 994800, 39859981]","[""NOINFO"", ""NOINFO"", ""NOINFO"", ""NOINFO"", ""NOINFO""]"
1389,mTORC2 regulates intracellular cysteine levels through xCT inhibition.,"{""23895668"": ""SUPPORTS""}","[23895668, 36180468, 20943272, 13801259, 43890638]","[""NOINFO"", ""NOINFO"", ""NOINFO"", ""NOINFO"", ""NOINFO""]"
