claim_id,claim,gold_doc_labels,gold_label_group,best_gold_rank_within_top10,retrieved_top10,predicted_top10_labels,status@3,retrieved_gold_docs@3,correct_gold_docs@3,status@5,retrieved_gold_docs@5,correct_gold_docs@5,status@10,retrieved_gold_docs@10,correct_gold_docs@10
3,"1,000 genomes project enables mapping of genetic sequence variation consisting of rare variants with larger penetrance effects than common variants.","{""14717500"": ""SUPPORTS""}",SUPPORTS,5,"[23389795, 3662132, 1544804, 1388704, 14717500, 5650232, 3444507, 2739854, 13914198, 15153602]","[""NOINFO"", ""NOINFO"", ""NOINFO"", ""NOINFO"", ""NOINFO"", ""NOINFO"", ""NOINFO"", ""NOINFO"", ""NOINFO"", ""NOINFO""]",retrieval_miss,[],[],stance_error,[14717500],[],stance_error,[14717500],[]
5,1/2000 in UK have abnormal PrP positivity.,"{""13734012"": ""SUPPORTS""}",SUPPORTS,8,"[2739854, 70490, 27466734, 43629704, 18617259, 15663829, 63858430, 13734012, 841371, 14717500]","[""NOINFO"", ""NOINFO"", ""NOINFO"", ""NOINFO"", ""REFUTES"", ""NOINFO"", ""NOINFO"", ""REFUTES"", ""NOINFO"", ""NOINFO""]",retrieval_miss,[],[],retrieval_miss,[],[],stance_error,[13734012],[]
42,A high microerythrocyte count raises vulnerability to severe anemia in homozygous alpha (+)- thalassemia trait subjects.,"{""18174210"": ""REFUTES""}",REFUTES,2,"[27889071, 18174210, 40913091, 27162821, 4449524, 10128893, 6315132, 24042919, 32481310, 24049225]","[""NOINFO"", ""REFUTES"", ""NOINFO"", ""NOINFO"", ""NOINFO"", ""NOINFO"", ""NOINFO"", ""NOINFO"", ""NOINFO"", ""NOINFO""]",success,[18174210],[18174210],success,[18174210],[18174210],success,[18174210],[18174210]
48,"A total of 1,000 people in the UK are asymptomatic carriers of vCJD infection.","{""13734012"": ""REFUTES""}",REFUTES,0,"[11349166, 24512064, 3698758, 23203102, 13322804, 46353045, 46355579, 29955650, 21884059, 18617259]","[""NOINFO"", ""NOINFO"", ""NOINFO"", ""NOINFO"", ""NOINFO"", ""NOINFO"", ""NOINFO"", ""NOINFO"", ""NOINFO"", ""SUPPORTS""]",retrieval_miss,[],[],retrieval_miss,[],[],retrieval_miss,[],[]
49,ADAR1 binds to Dicer to cleave pre-miRNA.,"{""5953485"": ""SUPPORTS""}",SUPPORTS,1,"[5953485, 23913146, 5702790, 8006440, 12652963, 2619579, 7029990, 153744, 13964633, 1333643]","[""SUPPORTS"", ""NOINFO"", ""NOINFO"", ""NOINFO"", ""NOINFO"", ""NOINFO"", ""NOINFO"", ""NOINFO"", ""NOINFO"", ""NOINFO""]",success,[5953485],[5953485],success,[5953485],[5953485],success,[5953485],[5953485]
50,AIRE is expressed in some skin tumors.,"{""12580014"": ""SUPPORTS""}",SUPPORTS,1,"[12580014, 25738896, 39559521, 36950726, 12489130, 13989491, 29124963, 23599024, 15707049, 18488986]","[""SUPPORTS"", ""SUPPORTS"", ""NOINFO"", ""NOINFO"", ""NOINFO"", ""NOINFO"", ""NOINFO"", ""NOINFO"", ""NOINFO"", ""SUPPORTS""]",success,[12580014],[12580014],success,[12580014],[12580014],success,[12580014],[12580014]
51,ALDH1 expression is associated with better breast cancer outcomes.,"{""45638119"": ""REFUTES""}",REFUTES,1,"[45638119, 15721252, 7821634, 14180565, 13519661, 5649538, 18340282, 16734530, 24249915, 4418878]","[""SUPPORTS"", ""NOINFO"", ""NOINFO"", ""NOINFO"", ""NOINFO"", ""NOINFO"", ""NOINFO"", ""NOINFO"", ""NOINFO"", ""NOINFO""]",stance_error,[45638119],[],stance_error,[45638119],[],stance_error,[45638119],[]
53,ALDH1 expression is associated with poorer prognosis in breast cancer.,"{""45638119"": ""SUPPORTS""}",SUPPORTS,1,"[45638119, 7821634, 14180565, 15721252, 24834968, 4820792, 4418878, 5649538, 24249915, 16734530]","[""SUPPORTS"", ""NOINFO"", ""NOINFO"", ""NOINFO"", ""NOINFO"", ""NOINFO"", ""NOINFO"", ""NOINFO"", ""NOINFO"", ""NOINFO""]",success,[45638119],[45638119],success,[45638119],[45638119],success,[45638119],[45638119]
54,AMP-activated protein kinase (AMPK) activation increases inflammation-related fibrosis in the lungs.,"{""49556906"": ""REFUTES""}",REFUTES,1,"[49556906, 24721866, 1590744, 3419709, 3973445, 38533515, 22621251, 5172048, 23509113, 26025820]","[""SUPPORTS"", ""NOINFO"", ""NOINFO"", ""NOINFO"", ""NOINFO"", ""NOINFO"", ""NOINFO"", ""NOINFO"", ""NOINFO"", ""NOINFO""]",stance_error,[49556906],[],stance_error,[49556906],[],stance_error,[49556906],[]
56,APOE4 expression in iPSC-derived neurons increases AlphaBeta production and tau phosphorylation causing GABA neuron degeneration.,"{""4709641"": ""SUPPORTS""}",SUPPORTS,1,"[4709641, 22185730, 22116439, 15347087, 6492658, 4459491, 26336593, 13921783, 3140772, 13814480]","[""SUPPORTS"", ""NOINFO"", ""NOINFO"", ""NOINFO"", ""NOINFO"", ""NOINFO"", ""NOINFO"", ""NOINFO"", ""NOINFO"", ""NOINFO""]",success,[4709641],[4709641],success,[4709641],[4709641],success,[4709641],[4709641]
57,"APOE4 expression in iPSC-derived neurons increases AlphaBeta production and tau phosphorylation, delaying GABA neuron degeneration.","{""4709641"": ""REFUTES""}",REFUTES,1,"[4709641, 22185730, 22116439, 15347087, 3140772, 6492658, 4459491, 26336593, 13814480, 11250124]","[""SUPPORTS"", ""NOINFO"", ""NOINFO"", ""NOINFO"", ""NOINFO"", ""NOINFO"", ""NOINFO"", ""NOINFO"", ""NOINFO"", ""NOINFO""]",stance_error,[4709641],[],stance_error,[4709641],[],stance_error,[4709641],[]
70,Activation of PPM1D suppresses p53 function.,"{""4414547"": ""SUPPORTS"", ""5956380"": ""SUPPORTS""}",SUPPORTS,1,"[5956380, 4414547, 9169645, 35684881, 27949347, 21557055, 41710132, 28107602, 21307488, 43880096]","[""SUPPORTS"", ""SUPPORTS"", ""NOINFO"", ""NOINFO"", ""NOINFO"", ""NOINFO"", ""NOINFO"", ""NOINFO"", ""NOINFO"", ""NOINFO""]",success,"[5956380, 4414547]","[5956380, 4414547]",success,"[5956380, 4414547]","[5956380, 4414547]",success,"[5956380, 4414547]","[5956380, 4414547]"
100,All hematopoietic stem cells segregate their chromosomes randomly.,"{""4381486"": ""SUPPORTS""}",SUPPORTS,1,"[4381486, 14550841, 13116880, 92499, 4421787, 5415832, 30714190, 3391547, 5782614, 25516011]","[""SUPPORTS"", ""NOINFO"", ""NOINFO"", ""NOINFO"", ""NOINFO"", ""NOINFO"", ""NOINFO"", ""NOINFO"", ""NOINFO"", ""NOINFO""]",success,[4381486],[4381486],success,[4381486],[4381486],success,[4381486],[4381486]
113,Angiotensin converting enzyme inhibitors are associated with increased risk for functional renal insufficiency.,"{""6157837"": ""SUPPORTS""}",SUPPORTS,1,"[6157837, 25816994, 14584755, 1759213, 44030361, 10072941, 3825750, 40790033, 27428509, 14121786]","[""SUPPORTS"", ""SUPPORTS"", ""NOINFO"", ""NOINFO"", ""NOINFO"", ""NOINFO"", ""NOINFO"", ""NOINFO"", ""NOINFO"", ""NOINFO""]",success,[6157837],[6157837],success,[6157837],[6157837],success,[6157837],[6157837]
115,Anthrax spores can be disposed of easily after they are dispersed.,"{""33872649"": ""REFUTES""}",REFUTES,1,"[33872649, 8069939, 10314816, 46602807, 30844602, 695938, 4999387, 35768199, 10982689, 31460499]","[""SUPPORTS"", ""NOINFO"", ""NOINFO"", ""NOINFO"", ""NOINFO"", ""NOINFO"", ""NOINFO"", ""NOINFO"", ""NOINFO"", ""NOINFO""]",stance_error,[33872649],[],stance_error,[33872649],[],stance_error,[33872649],[]
118,Antibiotic induced alterations in the gut microbiome reduce resistance against Clostridium difficile,"{""6372244"": ""SUPPORTS""}",SUPPORTS,2,"[4465735, 6372244, 41165286, 2604063, 52805891, 4492358, 15578265, 42800527, 26702468, 21956124]","[""REFUTES"", ""SUPPORTS"", ""NOINFO"", ""NOINFO"", ""NOINFO"", ""NOINFO"", ""NOINFO"", ""NOINFO"", ""NOINFO"", ""NOINFO""]",success,[6372244],[6372244],success,[6372244],[6372244],success,[6372244],[6372244]
124,Antiretroviral therapy reduces rates of tuberculosis across a broad range of CD4 strata.,"{""4883040"": ""SUPPORTS""}",SUPPORTS,1,"[4883040, 7111021, 21479231, 31363207, 4246523, 22414304, 341324, 21878751, 8294009, 5284188]","[""SUPPORTS"", ""NOINFO"", ""NOINFO"", ""NOINFO"", ""NOINFO"", ""NOINFO"", ""NOINFO"", ""NOINFO"", ""NOINFO"", ""NOINFO""]",success,[4883040],[4883040],success,[4883040],[4883040],success,[4883040],[4883040]
129,Articles published in open access format are less likely to be cited than traditional journals.,"{""27768226"": ""REFUTES""}",REFUTES,1,"[27768226, 16979690, 6477536, 22711954, 39652608, 11288846, 4688277, 8042158, 790598, 7547329]","[""REFUTES"", ""NOINFO"", ""NOINFO"", ""NOINFO"", ""NOINFO"", ""NOINFO"", ""NOINFO"", ""NOINFO"", ""NOINFO"", ""NOINFO""]",success,[27768226],[27768226],success,[27768226],[27768226],success,[27768226],[27768226]
130,Articles published in open access format are more likely to be cited than traditional journals.,"{""27768226"": ""SUPPORTS""}",SUPPORTS,1,"[27768226, 16979690, 11288846, 8042158, 22711954, 39652608, 7547329, 790598, 7074001, 6319826]","[""SUPPORTS"", ""NOINFO"", ""NOINFO"", ""NOINFO"", ""NOINFO"", ""NOINFO"", ""NOINFO"", ""NOINFO"", ""NOINFO"", ""NOINFO""]",success,[27768226],[27768226],success,[27768226],[27768226],success,[27768226],[27768226]
133,"Assembly of invadopodia is triggered by focal generation of phosphatidylinositol-3,4-biphosphate and the activation of the nonreceptor tyrosine kinase Src.","{""16280642"": ""SUPPORTS""}",SUPPORTS,1,"[16280642, 86694016, 17934082, 12640810, 22767022, 14328288, 6492658, 38485364, 39291138, 25623469]","[""NOINFO"", ""NOINFO"", ""NOINFO"", ""NOINFO"", ""NOINFO"", ""NOINFO"", ""NOINFO"", ""NOINFO"", ""NOINFO"", ""NOINFO""]",stance_error,[16280642],[],stance_error,[16280642],[],stance_error,[16280642],[]
137,Asymptomatic visual impairment screening in elderly populations does not lead to improved vision.,"{""26016929"": ""SUPPORTS""}",SUPPORTS,1,"[26016929, 457630, 24735908, 21914176, 31208367, 40735046, 10536636, 11880289, 10893238, 4530659]","[""REFUTES"", ""NOINFO"", ""NOINFO"", ""NOINFO"", ""NOINFO"", ""NOINFO"", ""NOINFO"", ""NOINFO"", ""NOINFO"", ""NOINFO""]",stance_error,[26016929],[],stance_error,[26016929],[],stance_error,[26016929],[]
141,Auditory entrainment is strengthened when people see congruent visual and auditory information.,"{""14437255"": ""SUPPORTS""}",SUPPORTS,1,"[14437255, 38794814, 313394, 41182002, 3099497, 18379855, 6955746, 36860856, 43283375, 42330403]","[""SUPPORTS"", ""NOINFO"", ""NOINFO"", ""NOINFO"", ""NOINFO"", ""NOINFO"", ""NOINFO"", ""NOINFO"", ""NOINFO"", ""NOINFO""]",success,[14437255],[14437255],success,[14437255],[14437255],success,[14437255],[14437255]
142,Autologous transplantation of mesenchymal stem cells causes a higher rate of opportunistic infections than induction therapy with anti-interleukin-2 receptor antibodies.,"{""10582939"": ""REFUTES""}",REFUTES,1,"[10582939, 19511011, 301866, 22613657, 43587663, 30398773, 27243019, 5377059, 4416964, 14647747]","[""REFUTES"", ""NOINFO"", ""NOINFO"", ""NOINFO"", ""NOINFO"", ""NOINFO"", ""NOINFO"", ""NOINFO"", ""NOINFO"", ""NOINFO""]",success,[10582939],[10582939],success,[10582939],[10582939],success,[10582939],[10582939]
143,Autologous transplantation of mesenchymal stem cells causes fewer opportunistic infections than induction therapy with anti-interleukin-2 receptor antibodies.,"{""10582939"": ""SUPPORTS""}",SUPPORTS,1,"[10582939, 19511011, 301866, 22613657, 43587663, 27243019, 14647747, 30398773, 4416964, 5377059]","[""SUPPORTS"", ""NOINFO"", ""NOINFO"", ""NOINFO"", ""NOINFO"", ""NOINFO"", ""NOINFO"", ""NOINFO"", ""NOINFO"", ""NOINFO""]",success,[10582939],[10582939],success,[10582939],[10582939],success,[10582939],[10582939]
146,Autologous transplantation of mesenchymal stem cells has lower rates of rejection than induction therapy with anti-interleukin-2 receptor antibodies.,"{""10582939"": ""SUPPORTS""}",SUPPORTS,1,"[10582939, 4416964, 51728753, 14647747, 40164383, 24101431, 19511011, 22613657, 33535222, 24825841]","[""REFUTES"", ""NOINFO"", ""NOINFO"", ""NOINFO"", ""NOINFO"", ""NOINFO"", ""NOINFO"", ""NOINFO"", ""NOINFO"", ""NOINFO""]",stance_error,[10582939],[],stance_error,[10582939],[],stance_error,[10582939],[]
148,Autophagy declines in aged organisms.,"{""1084345"": ""SUPPORTS""}",SUPPORTS,2,"[52887689, 1084345, 56528795, 19922508, 10012166, 15728433, 26952804, 7548577, 10463997, 28138927]","[""NOINFO"", ""REFUTES"", ""REFUTES"", ""NOINFO"", ""NOINFO"", ""REFUTES"", ""NOINFO"", ""NOINFO"", ""NOINFO"", ""NOINFO""]",stance_error,[1084345],[],stance_error,[1084345],[],stance_error,[1084345],[]
163,Bariatric surgery has a positive impact on mental health.,"{""18872233"": ""SUPPORTS""}",SUPPORTS,1,"[18872233, 43220289, 40949706, 29022271, 19071857, 7627167, 20130904, 5824985, 40666943, 40078758]","[""SUPPORTS"", ""NOINFO"", ""NOINFO"", ""NOINFO"", ""NOINFO"", ""NOINFO"", ""NOINFO"", ""NOINFO"", ""NOINFO"", ""NOINFO""]",success,[18872233],[18872233],success,[18872233],[18872233],success,[18872233],[18872233]
171,Basophils counteract disease development in patients with systemic lupus erythematosus (SLE).,"{""12670680"": ""REFUTES""}",REFUTES,1,"[12670680, 28149602, 28015516, 14938990, 5448119, 3330111, 11328820, 1049501, 21498497, 1834762]","[""REFUTES"", ""NOINFO"", ""NOINFO"", ""NOINFO"", ""NOINFO"", ""NOINFO"", ""NOINFO"", ""NOINFO"", ""NOINFO"", ""NOINFO""]",success,[12670680],[12670680],success,[12670680],[12670680],success,[12670680],[12670680]
179,Birth-weight is positively associated with breast cancer.,"{""16322674"": ""SUPPORTS"", ""17450673"": ""SUPPORTS"", ""23557241"": ""SUPPORTS"", ""27123743"": ""SUPPORTS""}",SUPPORTS,1,"[27123743, 16322674, 17450673, 23557241, 5487448, 13831842, 37480103, 13765757, 4828631, 38784540]","[""SUPPORTS"", ""SUPPORTS"", ""SUPPORTS"", ""SUPPORTS"", ""NOINFO"", ""NOINFO"", ""NOINFO"", ""NOINFO"", ""NOINFO"", ""NOINFO""]",success,"[27123743, 16322674, 17450673]","[27123743, 16322674, 17450673]",success,"[27123743, 16322674, 17450673, 23557241]","[27123743, 16322674, 17450673, 23557241]",success,"[27123743, 16322674, 17450673, 23557241]","[27123743, 16322674, 17450673, 23557241]"
180,Blocking the interaction between TDP-43 and respiratory complex I proteins ND3 and ND6 leads to increased TDP-43-induced neuronal loss.,"{""16966326"": ""REFUTES""}",REFUTES,1,"[16966326, 9217800, 1964163, 20904154, 25748308, 33912020, 24632480, 19708993, 13380011, 24185667]","[""SUPPORTS"", ""NOINFO"", ""NOINFO"", ""NOINFO"", ""NOINFO"", ""NOINFO"", ""NOINFO"", ""NOINFO"", ""NOINFO"", ""NOINFO""]",stance_error,[16966326],[],stance_error,[16966326],[],stance_error,[16966326],[]
183,Bone marrow cells contribute to adult macrophage compartments.,"{""12827098"": ""REFUTES""}",REFUTES,1,"[12827098, 3495456, 22973574, 42465769, 3391547, 22406695, 36444198, 7521113, 188911, 24466904]","[""NOINFO"", ""SUPPORTS"", ""NOINFO"", ""NOINFO"", ""NOINFO"", ""NOINFO"", ""SUPPORTS"", ""SUPPORTS"", ""NOINFO"", ""NOINFO""]",stance_error,[12827098],[],stance_error,[12827098],[],stance_error,[12827098],[]
185,Breast cancer development is determined exclusively by genetic factors.,"{""18340282"": ""REFUTES""}",REFUTES,2,"[22975806, 18340282, 1866911, 20280410, 3285322, 17088791, 27123743, 2015126, 5864770, 45638119]","[""NOINFO"", ""REFUTES"", ""NOINFO"", ""NOINFO"", ""NOINFO"", ""NOINFO"", ""NOINFO"", ""NOINFO"", ""NOINFO"", ""NOINFO""]",success,[18340282],[18340282],success,[18340282],[18340282],success,[18340282],[18340282]
208,CHEK2 is not associated with breast cancer.,"{""13519661"": ""SUPPORTS""}",SUPPORTS,1,"[13519661, 15721252, 2613411, 18340282, 10279084, 3851329, 5864770, 4886637, 15946643, 27123743]","[""REFUTES"", ""NOINFO"", ""NOINFO"", ""NOINFO"", ""NOINFO"", ""NOINFO"", ""NOINFO"", ""NOINFO"", ""NOINFO"", ""NOINFO""]",stance_error,[13519661],[],stance_error,[13519661],[],stance_error,[13519661],[]
212,CR is associated with higher methylation age.,"{""22038539"": ""REFUTES""}",REFUTES,4,"[9291668, 7808055, 4679264, 22038539, 11935250, 14475235, 3346812, 7988832, 3098821, 6040392]","[""NOINFO"", ""NOINFO"", ""NOINFO"", ""NOINFO"", ""NOINFO"", ""NOINFO"", ""NOINFO"", ""NOINFO"", ""NOINFO"", ""NOINFO""]",retrieval_miss,[],[],stance_error,[22038539],[],stance_error,[22038539],[]
216,CX3CR1 on the Th2 cells impairs T cell survival,"{""21366394"": ""REFUTES""}",REFUTES,1,"[21366394, 7621534, 34905328, 13798951, 6123924, 14492339, 21363424, 20220731, 2714623, 994800]","[""REFUTES"", ""NOINFO"", ""NOINFO"", ""NOINFO"", ""NOINFO"", ""NOINFO"", ""NOINFO"", ""NOINFO"", ""NOINFO"", ""NOINFO""]",success,[21366394],[21366394],success,[21366394],[21366394],success,[21366394],[21366394]
217,CX3CR1 on the Th2 cells promotes T cell survival,"{""21366394"": ""SUPPORTS""}",SUPPORTS,1,"[21366394, 34905328, 7621534, 13798951, 21363424, 6123924, 14492339, 20220731, 2714623, 4418070]","[""SUPPORTS"", ""NOINFO"", ""NOINFO"", ""NOINFO"", ""NOINFO"", ""NOINFO"", ""NOINFO"", ""NOINFO"", ""NOINFO"", ""NOINFO""]",success,[21366394],[21366394],success,[21366394],[21366394],success,[21366394],[21366394]
218,CX3CR1 on the Th2 cells promotes airway inflammation.,"{""21366394"": ""SUPPORTS""}",SUPPORTS,1,"[21366394, 1800734, 696006, 20311968, 883747, 26030079, 56486733, 14492339, 22896384, 22852120]","[""SUPPORTS"", ""NOINFO"", ""NOINFO"", ""NOINFO"", ""NOINFO"", ""NOINFO"", ""NOINFO"", ""NOINFO"", ""NOINFO"", ""NOINFO""]",success,[21366394],[21366394],success,[21366394],[21366394],success,[21366394],[21366394]
219,CX3CR1 on the Th2 cells suppresses airway inflammation.,"{""21366394"": ""REFUTES""}",REFUTES,1,"[21366394, 1800734, 20311968, 696006, 883747, 26030079, 56486733, 22852120, 14492339, 40365566]","[""SUPPORTS"", ""NOINFO"", ""NOINFO"", ""NOINFO"", ""NOINFO"", ""NOINFO"", ""NOINFO"", ""NOINFO"", ""NOINFO"", ""NOINFO""]",stance_error,[21366394],[],stance_error,[21366394],[],stance_error,[21366394],[]
230,Carriers of the alcohol aldehyde dehydrogenase deficiency mutation drink less that non-carries.,"{""3067015"": ""SUPPORTS""}",SUPPORTS,1,"[3067015, 38028419, 20526907, 5939172, 71625969, 52072815, 23389795, 2739854, 1148122, 10548391]","[""SUPPORTS"", ""NOINFO"", ""NOINFO"", ""NOINFO"", ""NOINFO"", ""NOINFO"", ""NOINFO"", ""NOINFO"", ""NOINFO"", ""NOINFO""]",success,[3067015],[3067015],success,[3067015],[3067015],success,[3067015],[3067015]
233,Cell autonomous sex determination in somatic cells does not occur in Galliformes.,"{""4388470"": ""REFUTES""}",REFUTES,1,"[4388470, 28390999, 41380943, 2147704, 36708463, 12232678, 31761981, 28928964, 23581096, 17685207]","[""REFUTES"", ""NOINFO"", ""NOINFO"", ""NOINFO"", ""NOINFO"", ""NOINFO"", ""NOINFO"", ""NOINFO"", ""NOINFO"", ""NOINFO""]",success,[4388470],[4388470],success,[4388470],[4388470],success,[4388470],[4388470]
236,Cell autonomous sex determination in somatic cells occurs in Passeriformes.,"{""4388470"": ""SUPPORTS""}",SUPPORTS,1,"[4388470, 31761981, 41380943, 1641873, 5002665, 4343437, 12232678, 16963081, 28390999, 23581096]","[""SUPPORTS"", ""NOINFO"", ""NOINFO"", ""NOINFO"", ""NOINFO"", ""NOINFO"", ""NOINFO"", ""NOINFO"", ""NOINFO"", ""NOINFO""]",success,[4388470],[4388470],success,[4388470],[4388470],success,[4388470],[4388470]
239,Cellular aging closely links to an older appearance.,"{""14079881"": ""SUPPORTS""}",SUPPORTS,6,"[19343151, 7514614, 6040392, 22264117, 3230557, 14079881, 7808055, 15521377, 2466614, 9291668]","[""NOINFO"", ""NOINFO"", ""NOINFO"", ""NOINFO"", ""NOINFO"", ""NOINFO"", ""NOINFO"", ""NOINFO"", ""NOINFO"", ""NOINFO""]",retrieval_miss,[],[],retrieval_miss,[],[],stance_error,[14079881],[]
248,Chenodeosycholic acid treatment increases whole-body energy expenditure.,"{""1568684"": ""SUPPORTS""}",SUPPORTS,1,"[1568684, 14865329, 21553394, 5839365, 29691654, 70704988, 11705328, 39558597, 23017040, 23369842]","[""NOINFO"", ""NOINFO"", ""NOINFO"", ""NOINFO"", ""NOINFO"", ""NOINFO"", ""NOINFO"", ""NOINFO"", ""NOINFO"", ""NOINFO""]",stance_error,[1568684],[],stance_error,[1568684],[],stance_error,[1568684],[]
249,Chenodeosycholic acid treatment reduces whole-body energy expenditure.,"{""1568684"": ""REFUTES""}",REFUTES,1,"[1568684, 14865329, 5839365, 21553394, 29691654, 39558597, 23017040, 21547032, 23369842, 70704988]","[""NOINFO"", ""NOINFO"", ""NOINFO"", ""NOINFO"", ""NOINFO"", ""NOINFO"", ""NOINFO"", ""NOINFO"", ""NOINFO"", ""NOINFO""]",stance_error,[1568684],[],stance_error,[1568684],[],stance_error,[1568684],[]
261,"Chronic aerobic exercise alters endothelial function, improving vasodilating mechanisms mediated by NO.","{""1122279"": ""SUPPORTS"", ""10697096"": ""SUPPORTS""}",SUPPORTS,6,"[32322418, 25822299, 17097974, 46743299, 29148743, 1122279, 35271381, 10697096, 46328296, 16488405]","[""NOINFO"", ""NOINFO"", ""NOINFO"", ""NOINFO"", ""NOINFO"", ""REFUTES"", ""NOINFO"", ""NOINFO"", ""NOINFO"", ""NOINFO""]",retrieval_miss,[],[],retrieval_miss,[],[],stance_error,"[1122279, 10697096]",[]
274,Combination nicotine replacement therapies with varenicline or bupropion lead to significantly higher long-term abstinence rates at 52 weeks than varenicline monotherapy.,"{""11614737"": ""REFUTES""}",REFUTES,1,"[11614737, 5114940, 8570690, 5551138, 24019260, 34369306, 44408494, 33417012, 7639744, 16422880]","[""SUPPORTS"", ""NOINFO"", ""NOINFO"", ""NOINFO"", ""NOINFO"", ""NOINFO"", ""NOINFO"", ""NOINFO"", ""NOINFO"", ""NOINFO""]",stance_error,[11614737],[],stance_error,[11614737],[],stance_error,[11614737],[]
275,Combining phosphatidylinositide 3-kinase and MEK 1/2 inhibitors is effective at treating KRAS mutant tumors.,"{""4961038"": ""SUPPORTS"", ""14241418"": ""SUPPORTS""}",SUPPORTS,1,"[4961038, 4920376, 14819804, 1285713, 29321530, 14241418, 85665741, 34016944, 5403286, 28651643]","[""NOINFO"", ""NOINFO"", ""NOINFO"", ""NOINFO"", ""NOINFO"", ""NOINFO"", ""NOINFO"", ""NOINFO"", ""NOINFO"", ""NOINFO""]",stance_error,[4961038],[],stance_error,[4961038],[],stance_error,"[4961038, 14241418]",[]
279,Commelina yellow mottle virus' (ComYMV) genome consists of 7489 baise pairs.,"{""14376683"": ""SUPPORTS""}",SUPPORTS,1,"[14376683, 37677954, 35711485, 21230110, 2107238, 5650232, 7324039, 9872468, 17447653, 83667891]","[""REFUTES"", ""NOINFO"", ""NOINFO"", ""NOINFO"", ""NOINFO"", ""NOINFO"", ""NOINFO"", ""NOINFO"", ""NOINFO"", ""NOINFO""]",stance_error,[14376683],[],stance_error,[14376683],[],stance_error,[14376683],[]
295,Crosstalk between dendritic cells (DCs) and innate lymphoid cells (ILCs) is important in the regulation of intestinal homeostasis.,"{""20310709"": ""SUPPORTS""}",SUPPORTS,2,"[29423324, 20310709, 1022115, 22791348, 26702468, 24044977, 11415809, 40096222, 41120293, 46926352]","[""SUPPORTS"", ""SUPPORTS"", ""NOINFO"", ""NOINFO"", ""NOINFO"", ""NOINFO"", ""NOINFO"", ""NOINFO"", ""NOINFO"", ""NOINFO""]",success,[20310709],[20310709],success,[20310709],[20310709],success,[20310709],[20310709]
298,Cytochrome c is released from the mitochondrial intermembrane space to cytosol during apoptosis.,"{""39381118"": ""SUPPORTS""}",SUPPORTS,2,"[23887844, 39381118, 23403754, 34439544, 10852047, 15836115, 8654183, 28249680, 9878167, 935034]","[""NOINFO"", ""REFUTES"", ""NOINFO"", ""NOINFO"", ""NOINFO"", ""NOINFO"", ""SUPPORTS"", ""NOINFO"", ""NOINFO"", ""NOINFO""]",stance_error,[39381118],[],stance_error,[39381118],[],stance_error,[39381118],[]
314,Deamination of cytidine to uridine on the minus strand of viral DNA results in catastrophic G-to-A mutations in the viral genome.,"{""4347374"": ""SUPPORTS""}",SUPPORTS,8,"[2638387, 544971, 25014337, 20996244, 6426919, 2319305, 15319019, 4347374, 34498325, 24896957]","[""SUPPORTS"", ""NOINFO"", ""NOINFO"", ""NOINFO"", ""NOINFO"", ""NOINFO"", ""NOINFO"", ""SUPPORTS"", ""NOINFO"", ""NOINFO""]",retrieval_miss,[],[],retrieval_miss,[],[],success,[4347374],[4347374]
327,Deletion of αvβ8 does not result in a spontaneous inflammatory phenotype.,"{""17997584"": ""SUPPORTS""}",SUPPORTS,1,"[17997584, 24998637, 1499964, 23305884, 28644298, 25089501, 3330111, 34016987, 27789588, 27545868]","[""REFUTES"", ""NOINFO"", ""NOINFO"", ""NOINFO"", ""NOINFO"", ""NOINFO"", ""NOINFO"", ""NOINFO"", ""NOINFO"", ""NOINFO""]",stance_error,[17997584],[],stance_error,[17997584],[],stance_error,[17997584],[]
338,Dexamethasone decreases risk of postoperative bleeding.,"{""23349986"": ""REFUTES""}",REFUTES,1,"[23349986, 24211561, 8814634, 34338075, 15948830, 36288526, 42404093, 14973286, 2391552, 6477536]","[""SUPPORTS"", ""NOINFO"", ""NOINFO"", ""NOINFO"", ""NOINFO"", ""NOINFO"", ""NOINFO"", ""NOINFO"", ""NOINFO"", ""NOINFO""]",stance_error,[23349986],[],stance_error,[23349986],[],stance_error,[23349986],[]
343,Diabetic patients with acute coronary syndrome experience increased short-term and long-term risk for bleeding events.,"{""5884524"": ""SUPPORTS""}",SUPPORTS,4,"[23783727, 6158879, 7873737, 5884524, 16760369, 10430148, 72933407, 6176498, 2138843, 33960383]","[""NOINFO"", ""NOINFO"", ""NOINFO"", ""SUPPORTS"", ""NOINFO"", ""NOINFO"", ""NOINFO"", ""NOINFO"", ""NOINFO"", ""NOINFO""]",retrieval_miss,[],[],success,[5884524],[5884524],success,[5884524],[5884524]
380,Enhanced early production of inflammatory chemokines improves viral control in the lung.,"{""19005293"": ""SUPPORTS""}",SUPPORTS,3,"[26068103, 26030079, 19005293, 3835423, 21395936, 23509113, 883747, 2947124, 696006, 12100963]","[""NOINFO"", ""NOINFO"", ""SUPPORTS"", ""NOINFO"", ""NOINFO"", ""NOINFO"", ""NOINFO"", ""NOINFO"", ""NOINFO"", ""NOINFO""]",success,[19005293],[19005293],success,[19005293],[19005293],success,[19005293],[19005293]
385,Epigenetic modulating agents (EMAs) modulate antitumor immune response in a cancer model system.,"{""9955779"": ""SUPPORTS""}",SUPPORTS,3,"[1032372, 9767444, 9955779, 1243475, 5123516, 10165723, 6948886, 6944800, 29190724, 24726600]","[""SUPPORTS"", ""SUPPORTS"", ""NOINFO"", ""NOINFO"", ""NOINFO"", ""NOINFO"", ""NOINFO"", ""NOINFO"", ""NOINFO"", ""NOINFO""]",stance_error,[9955779],[],stance_error,[9955779],[],stance_error,[9955779],[]
386,Errors in peripheral IV drug administration are most common during bolus administration and multiple-step medicine preparations.,"{""16495649"": ""SUPPORTS""}",SUPPORTS,1,"[16495649, 21260231, 42404093, 39300105, 12258338, 38799797, 24525112, 79231308, 21958900, 9310407]","[""SUPPORTS"", ""NOINFO"", ""NOINFO"", ""NOINFO"", ""NOINFO"", ""NOINFO"", ""NOINFO"", ""NOINFO"", ""NOINFO"", ""NOINFO""]",success,[16495649],[16495649],success,[16495649],[16495649],success,[16495649],[16495649]
399,Exposure to fine particulate air pollution is relate to anxiety prevalence.,"{""791050"": ""SUPPORTS""}",SUPPORTS,1,"[791050, 471921, 32357890, 21003930, 42387637, 21495419, 3580005, 7285256, 11469078, 27453479]","[""SUPPORTS"", ""NOINFO"", ""NOINFO"", ""NOINFO"", ""NOINFO"", ""NOINFO"", ""NOINFO"", ""NOINFO"", ""NOINFO"", ""NOINFO""]",success,[791050],[791050],success,[791050],[791050],success,[791050],[791050]
415,Female carriers of the Apolipoprotein E4 (APOE4) allele have increased risk for dementia.,"{""6309659"": ""SUPPORTS""}",SUPPORTS,0,"[20937018, 51386222, 4505748, 24530130, 18852643, 4709641, 6917133, 6947286, 41782935, 15347087]","[""NOINFO"", ""SUPPORTS"", ""NOINFO"", ""NOINFO"", ""NOINFO"", ""NOINFO"", ""NOINFO"", ""NOINFO"", ""NOINFO"", ""NOINFO""]",retrieval_miss,[],[],retrieval_miss,[],[],retrieval_miss,[],[]
431,FoxO3a activation in neuronal death is mediated by reactive oxygen species (ROS).,"{""28937856"": ""SUPPORTS""}",SUPPORTS,4,"[14496749, 29429111, 14848619, 28937856, 16728949, 4795303, 2543135, 8002887, 6121555, 25488034]","[""SUPPORTS"", ""NOINFO"", ""NOINFO"", ""NOINFO"", ""NOINFO"", ""NOINFO"", ""NOINFO"", ""NOINFO"", ""NOINFO"", ""NOINFO""]",retrieval_miss,[],[],stance_error,[28937856],[],stance_error,[28937856],[]
436,Free histones are degraded by a Rad53-dependent mechanism once DNA has been replicated.,"{""14637235"": ""SUPPORTS""}",SUPPORTS,1,"[14637235, 12588500, 8267678, 406733, 12156187, 20781656, 5389523, 11532659, 34034749, 12086599]","[""SUPPORTS"", ""NOINFO"", ""NOINFO"", ""NOINFO"", ""NOINFO"", ""NOINFO"", ""NOINFO"", ""NOINFO"", ""NOINFO"", ""NOINFO""]",success,[14637235],[14637235],success,[14637235],[14637235],success,[14637235],[14637235]
443,GATA-3 is important for hematopoietic stem cell (HSC) function.,"{""10165258"": ""SUPPORTS""}",SUPPORTS,1,"[10165258, 13048272, 92499, 5415832, 13116880, 19583924, 13980338, 9911547, 17271462, 3321943]","[""SUPPORTS"", ""NOINFO"", ""NOINFO"", ""NOINFO"", ""NOINFO"", ""NOINFO"", ""NOINFO"", ""NOINFO"", ""NOINFO"", ""NOINFO""]",success,[10165258],[10165258],success,[10165258],[10165258],success,[10165258],[10165258]
452,Gene expression does not vary appreciably across genetically identical cells.,"{""464511"": ""REFUTES"", ""12804937"": ""REFUTES""}",REFUTES,4,"[9154703, 54561709, 31543713, 12804937, 21855837, 37437064, 13223806, 13592721, 32181055, 24530633]","[""REFUTES"", ""NOINFO"", ""NOINFO"", ""REFUTES"", ""NOINFO"", ""NOINFO"", ""NOINFO"", ""NOINFO"", ""NOINFO"", ""NOINFO""]",retrieval_miss,[],[],success,[12804937],[12804937],success,[12804937],[12804937]
475,Glycolysis is one of the primary glycometabolic pathways in cells.,"{""18678095"": ""SUPPORTS""}",SUPPORTS,7,"[23576165, 195689757, 18810195, 20672596, 7548577, 3468459, 18678095, 27647593, 3831884, 35543846]","[""NOINFO"", ""NOINFO"", ""NOINFO"", ""NOINFO"", ""NOINFO"", ""NOINFO"", ""NOINFO"", ""NOINFO"", ""NOINFO"", ""NOINFO""]",retrieval_miss,[],[],retrieval_miss,[],[],stance_error,[18678095],[]
501,Headaches are not correlated with cognitive impairment.,"{""17930286"": ""SUPPORTS""}",SUPPORTS,1,"[17930286, 24510595, 41735503, 42095718, 14566771, 24865781, 30813140, 72372925, 8672737, 15984735]","[""REFUTES"", ""NOINFO"", ""NOINFO"", ""NOINFO"", ""NOINFO"", ""NOINFO"", ""NOINFO"", ""NOINFO"", ""NOINFO"", ""NOINFO""]",stance_error,[17930286],[],stance_error,[17930286],[],stance_error,[17930286],[]
513,High cardiopulmonary fitness causes increased mortality rate.,"{""13230773"": ""REFUTES""}",REFUTES,1,"[13230773, 12770738, 25301182, 2774906, 24918110, 2820454, 6993046, 6647414, 40817021, 24443043]","[""NOINFO"", ""NOINFO"", ""NOINFO"", ""NOINFO"", ""NOINFO"", ""NOINFO"", ""NOINFO"", ""NOINFO"", ""NOINFO"", ""NOINFO""]",stance_error,[13230773],[],stance_error,[13230773],[],stance_error,[13230773],[]
516,High levels of CRP reduces the risk of exacerbations in chronic obstructive pulmonary disease (COPD).,"{""29564505"": ""REFUTES""}",REFUTES,1,"[29564505, 21287352, 40935722, 7285256, 21495419, 21048969, 20109325, 5558754, 18988265, 6417632]","[""REFUTES"", ""NOINFO"", ""NOINFO"", ""NOINFO"", ""NOINFO"", ""NOINFO"", ""NOINFO"", ""NOINFO"", ""NOINFO"", ""NOINFO""]",success,[29564505],[29564505],success,[29564505],[29564505],success,[29564505],[29564505]
521,High-sensitivity cardiac troponin T (HSCT-T) dosage may not be diagnostic if the onset of symptoms occurs less than 3 hours before acute myocardial injury (AMI).,"{""34873974"": ""SUPPORTS""}",SUPPORTS,1,"[34873974, 3056682, 25028913, 29526125, 7602348, 27550580, 43483151, 24660385, 26341063, 23633726]","[""NOINFO"", ""NOINFO"", ""NOINFO"", ""NOINFO"", ""NOINFO"", ""NOINFO"", ""NOINFO"", ""NOINFO"", ""NOINFO"", ""NOINFO""]",stance_error,[34873974],[],stance_error,[34873974],[],stance_error,[34873974],[]
525,Histone demethylase recruitment and a transient decrease in histone methylation is necessary for ligand-dependent induction of transcription by nuclear receptors.,"{""13639330"": ""SUPPORTS""}",SUPPORTS,1,"[13639330, 20028729, 8267678, 8548635, 3230361, 2754534, 29788648, 4455466, 2151983, 15215393]","[""NOINFO"", ""NOINFO"", ""NOINFO"", ""NOINFO"", ""NOINFO"", ""NOINFO"", ""NOINFO"", ""NOINFO"", ""NOINFO"", ""NOINFO""]",stance_error,[13639330],[],stance_error,[13639330],[],stance_error,[13639330],[]
528,Human T-lymphotropic virus type-I-associated myelopathy / tropical spastic paraparesis (HAM/TSP) patients produce Immunoglobulin G (IgG) antibodies which cross-react with an immunodominant epitope in Tax.,"{""5476778"": ""SUPPORTS""}",SUPPORTS,1,"[5476778, 24512064, 23326722, 28738741, 8300657, 20754359, 5377059, 13322804, 39443128, 601033]","[""SUPPORTS"", ""NOINFO"", ""NOINFO"", ""NOINFO"", ""NOINFO"", ""NOINFO"", ""NOINFO"", ""NOINFO"", ""NOINFO"", ""NOINFO""]",success,[5476778],[5476778],success,[5476778],[5476778],success,[5476778],[5476778]
532,Hyperfibrinogenemia decreases rates of femoropopliteal bypass thrombosis.,"{""12991445"": ""REFUTES""}",REFUTES,1,"[12991445, 34338075, 1387104, 36288526, 11718220, 21301090, 37424881, 21164071, 23195674, 14973286]","[""NOINFO"", ""NOINFO"", ""NOINFO"", ""NOINFO"", ""NOINFO"", ""NOINFO"", ""NOINFO"", ""NOINFO"", ""NOINFO"", ""NOINFO""]",stance_error,[12991445],[],stance_error,[12991445],[],stance_error,[12991445],[]
533,Hyperfibrinogenemia increases rates of femoropopliteal bypass thrombosis.,"{""12991445"": ""SUPPORTS""}",SUPPORTS,1,"[12991445, 1387104, 34338075, 36288526, 11718220, 21301090, 37424881, 21164071, 14973286, 23195674]","[""NOINFO"", ""NOINFO"", ""NOINFO"", ""NOINFO"", ""NOINFO"", ""NOINFO"", ""NOINFO"", ""NOINFO"", ""NOINFO"", ""NOINFO""]",stance_error,[12991445],[],stance_error,[12991445],[],stance_error,[12991445],[]
536,Hypocretin neurones induce panicprone state in rats.,"{""16056514"": ""SUPPORTS""}",SUPPORTS,1,"[16056514, 3943235, 36357627, 4951831, 4462155, 25007443, 17506075, 2436602, 25440070, 1070920]","[""SUPPORTS"", ""NOINFO"", ""NOINFO"", ""NOINFO"", ""NOINFO"", ""NOINFO"", ""NOINFO"", ""NOINFO"", ""NOINFO"", ""NOINFO""]",success,[16056514],[16056514],success,[16056514],[16056514],success,[16056514],[16056514]
539,Hypoglycemia increases the risk of dementia.,"{""13282296"": ""SUPPORTS""}",SUPPORTS,1,"[13282296, 24921368, 1904291, 10190462, 21472388, 41264017, 45457778, 11953232, 13933299, 7011850]","[""REFUTES"", ""NOINFO"", ""NOINFO"", ""NOINFO"", ""NOINFO"", ""NOINFO"", ""NOINFO"", ""NOINFO"", ""NOINFO"", ""NOINFO""]",stance_error,[13282296],[],stance_error,[13282296],[],stance_error,[13282296],[]
540,Hypothalamic glutamate neurotransmission is crucial to energy balance.,"{""11886686"": ""SUPPORTS""}",SUPPORTS,2,"[2225918, 11886686, 46451940, 17150648, 45154987, 22545779, 3085264, 23869951, 15535511, 11742219]","[""NOINFO"", ""SUPPORTS"", ""NOINFO"", ""SUPPORTS"", ""SUPPORTS"", ""NOINFO"", ""NOINFO"", ""SUPPORTS"", ""NOINFO"", ""NOINFO""]",success,[11886686],[11886686],success,[11886686],[11886686],success,[11886686],[11886686]
549,IRG1 has antiviral effects against neurotropic viruses.,"{""9433958"": ""SUPPORTS""}",SUPPORTS,1,"[9433958, 5137019, 26731863, 10559501, 10627801, 7820043, 31272411, 46135768, 21651116, 3308636]","[""SUPPORTS"", ""NOINFO"", ""NOINFO"", ""NOINFO"", ""NOINFO"", ""NOINFO"", ""NOINFO"", ""NOINFO"", ""NOINFO"", ""NOINFO""]",success,[9433958],[9433958],success,[9433958],[9433958],success,[9433958],[9433958]
569,"In adult tissue, most T cells are memory T cells.","{""23460562"": ""SUPPORTS""}",SUPPORTS,5,"[37311371, 3155731, 991137, 21320417, 23460562, 11666252, 17463549, 13636631, 5508750, 6961811]","[""NOINFO"", ""NOINFO"", ""NOINFO"", ""NOINFO"", ""SUPPORTS"", ""NOINFO"", ""NOINFO"", ""NOINFO"", ""NOINFO"", ""NOINFO""]",retrieval_miss,[],[],success,[23460562],[23460562],success,[23460562],[23460562]
578,"In mouse models, the loss of CSF1R facilitates MOZ-TIF2-induced leuekmogenesis.","{""8764879"": ""REFUTES""}",REFUTES,1,"[8764879, 44801733, 18489989, 33068577, 34753204, 22358449, 33920995, 21108759, 37138639, 11844826]","[""SUPPORTS"", ""NOINFO"", ""NOINFO"", ""NOINFO"", ""NOINFO"", ""NOINFO"", ""NOINFO"", ""NOINFO"", ""NOINFO"", ""NOINFO""]",stance_error,[8764879],[],stance_error,[8764879],[],stance_error,[8764879],[]
589,"In young and middle-aged adults, current or remote uses of ADHD medications do not increase the risk of serious cardiovascular events.","{""10984005"": ""SUPPORTS""}",SUPPORTS,1,"[10984005, 2338488, 2475059, 1068106, 27391365, 38752049, 1831916, 24625323, 22057077, 40996863]","[""REFUTES"", ""NOINFO"", ""NOINFO"", ""NOINFO"", ""NOINFO"", ""NOINFO"", ""NOINFO"", ""NOINFO"", ""NOINFO"", ""NOINFO""]",stance_error,[10984005],[],stance_error,[10984005],[],stance_error,[10984005],[]
593,Incidence of heart failure decreased by 10% in women since 1979.,"{""19675911"": ""SUPPORTS""}",SUPPORTS,1,"[19675911, 13481731, 20945963, 33533307, 40817021, 31889025, 7602348, 6085365, 24443043, 25301182]","[""REFUTES"", ""NOINFO"", ""NOINFO"", ""NOINFO"", ""NOINFO"", ""NOINFO"", ""NOINFO"", ""NOINFO"", ""NOINFO"", ""NOINFO""]",stance_error,[19675911],[],stance_error,[19675911],[],stance_error,[19675911],[]
597,Incidence rates of cervical cancer have decreased.,"{""12779444"": ""SUPPORTS"", ""25742130"": ""SUPPORTS"", ""36355784"": ""SUPPORTS""}",SUPPORTS,7,"[76415938, 23136735, 13857083, 5433667, 9764256, 28617573, 36355784, 829646, 46355579, 7650066]","[""NOINFO"", ""NOINFO"", ""NOINFO"", ""NOINFO"", ""NOINFO"", ""NOINFO"", ""REFUTES"", ""NOINFO"", ""NOINFO"", ""NOINFO""]",retrieval_miss,[],[],retrieval_miss,[],[],stance_error,[36355784],[]
598,Incidence rates of cervical cancer have increased due to nationwide screening programs based primarily on cytology to detect uterine cervical cancer.,"{""25742130"": ""REFUTES""}",REFUTES,0,"[76415938, 27873158, 6561200, 36355784, 28617573, 27446873, 19140422, 5433667, 829646, 9764256]","[""NOINFO"", ""NOINFO"", ""NOINFO"", ""NOINFO"", ""NOINFO"", ""NOINFO"", ""NOINFO"", ""NOINFO"", ""NOINFO"", ""NOINFO""]",retrieval_miss,[],[],retrieval_miss,[],[],retrieval_miss,[],[]
613,Increased microtubule acetylation repairs LRRK2 Roc-COR domain mutation induced locomotor deficits.,"{""9638032"": ""SUPPORTS""}",SUPPORTS,1,"[9638032, 1917068, 20054396, 16056410, 11200685, 36830715, 1371440, 11041152, 30835854, 33911859]","[""SUPPORTS"", ""NOINFO"", ""NOINFO"", ""NOINFO"", ""NOINFO"", ""NOINFO"", ""NOINFO"", ""NOINFO"", ""NOINFO"", ""NOINFO""]",success,[9638032],[9638032],success,[9638032],[9638032],success,[9638032],[9638032]
619,Increased vessel density along with a reduction in fibrosis decreases the efficacy of chemotherapy treatments.,"{""20888849"": ""REFUTES""}",REFUTES,0,"[5254741, 24974080, 42298280, 23420807, 15541119, 12866641, 30919024, 25732836, 37578311, 22123421]","[""NOINFO"", ""NOINFO"", ""NOINFO"", ""NOINFO"", ""NOINFO"", ""NOINFO"", ""NOINFO"", ""NOINFO"", ""NOINFO"", ""NOINFO""]",retrieval_miss,[],[],retrieval_miss,[],[],retrieval_miss,[],[]
636,"Inositol lipid 3-phosphatase PTEN converts Ptdlns(3,4)P 2 into phosphatidylinositol 4-phosphate.","{""24294572"": ""SUPPORTS""}",SUPPORTS,2,"[42708716, 24294572, 6492658, 14328288, 22025252, 11289247, 34071621, 21425864, 26283293, 41325555]","[""NOINFO"", ""NOINFO"", ""NOINFO"", ""NOINFO"", ""NOINFO"", ""NOINFO"", ""NOINFO"", ""NOINFO"", ""NOINFO"", ""NOINFO""]",stance_error,[24294572],[],stance_error,[24294572],[],stance_error,[24294572],[]
641,Insomnia can be effectively treated with cognitive behavioral therapy.,"{""5912283"": ""SUPPORTS""}",SUPPORTS,1,"[5912283, 17973630, 31554917, 24346598, 20602517, 26150367, 11913139, 4587978, 21373821, 22483580]","[""SUPPORTS"", ""NOINFO"", ""NOINFO"", ""NOINFO"", ""NOINFO"", ""NOINFO"", ""NOINFO"", ""NOINFO"", ""NOINFO"", ""NOINFO""]",success,[5912283],[5912283],success,[5912283],[5912283],success,[5912283],[5912283]
674,LDL cholesterol has no involvement in the development of cardiovascular disease.,"{""2095573"": ""REFUTES""}",REFUTES,4,"[7662206, 30981192, 9617381, 2095573, 9814332, 15561961, 15360986, 25974070, 3868322, 15879931]","[""NOINFO"", ""NOINFO"", ""NOINFO"", ""REFUTES"", ""NOINFO"", ""NOINFO"", ""NOINFO"", ""NOINFO"", ""NOINFO"", ""NOINFO""]",retrieval_miss,[],[],success,[2095573],[2095573],success,[2095573],[2095573]
692,Leuko-increased blood increases infectious complications in red blood cell transfusion.,"{""24088502"": ""REFUTES""}",REFUTES,1,"[24088502, 43587663, 11156883, 3698758, 27243019, 25420421, 14021596, 11349166, 5377059, 3090454]","[""REFUTES"", ""NOINFO"", ""NOINFO"", ""NOINFO"", ""NOINFO"", ""NOINFO"", ""NOINFO"", ""NOINFO"", ""NOINFO"", ""NOINFO""]",success,[24088502],[24088502],success,[24088502],[24088502],success,[24088502],[24088502]
693,Leuko-reduced blood reduces infectious complications in red blood cell transfusion.,"{""24088502"": ""SUPPORTS""}",SUPPORTS,1,"[24088502, 43587663, 27243019, 3698758, 25420421, 11156883, 14021596, 5377059, 3090454, 623486]","[""SUPPORTS"", ""NOINFO"", ""NOINFO"", ""NOINFO"", ""NOINFO"", ""NOINFO"", ""NOINFO"", ""NOINFO"", ""NOINFO"", ""NOINFO""]",success,[24088502],[24088502],success,[24088502],[24088502],success,[24088502],[24088502]
718,Low nucleosome occupancy correlates with low methylation levels across species.,"{""17587795"": ""REFUTES""}",REFUTES,1,"[17587795, 3098821, 4392608, 3346812, 21380232, 1695604, 18670, 3174305, 38076716, 1354567]","[""SUPPORTS"", ""NOINFO"", ""NOINFO"", ""NOINFO"", ""NOINFO"", ""NOINFO"", ""NOINFO"", ""NOINFO"", ""NOINFO"", ""NOINFO""]",stance_error,[17587795],[],stance_error,[17587795],[],stance_error,[17587795],[]
721,Lupus-prone mice infected with curliproducing bacteria have higher autoantibody titers compared to controls.,"{""1834762"": ""SUPPORTS""}",SUPPORTS,1,"[1834762, 12670680, 32454714, 5476778, 28015516, 13989491, 28149602, 24998637, 14938990, 15405204]","[""SUPPORTS"", ""NOINFO"", ""NOINFO"", ""NOINFO"", ""NOINFO"", ""NOINFO"", ""NOINFO"", ""NOINFO"", ""NOINFO"", ""NOINFO""]",success,[1834762],[1834762],success,[1834762],[1834762],success,[1834762],[1834762]
723,Ly49Q directs the organization of neutrophil migration to inflammation sites by regulating membrane raft functions.,"{""5531479"": ""SUPPORTS""}",SUPPORTS,1,"[5531479, 20608982, 1871230, 3330111, 34469966, 46135768, 22406695, 24315156, 33920995, 5099266]","[""SUPPORTS"", ""NOINFO"", ""NOINFO"", ""NOINFO"", ""NOINFO"", ""NOINFO"", ""NOINFO"", ""NOINFO"", ""NOINFO"", ""NOINFO""]",success,[5531479],[5531479],success,[5531479],[5531479],success,[5531479],[5531479]
728,Ly6C hi monocytes have a lower inflammatory capacity than Ly6C lo monocytes.,"{""36444198"": ""REFUTES""}",REFUTES,1,"[36444198, 22406695, 17934603, 34469966, 14492339, 8317408, 7521113, 9196472, 7489663, 623486]","[""REFUTES"", ""NOINFO"", ""NOINFO"", ""NOINFO"", ""NOINFO"", ""NOINFO"", ""NOINFO"", ""NOINFO"", ""NOINFO"", ""NOINFO""]",success,[36444198],[36444198],success,[36444198],[36444198],success,[36444198],[36444198]
729,Lymphadenopathy is observed in knockin mouse lacking the SHP-2 MAPK pathway.,"{""26851674"": ""SUPPORTS""}",SUPPORTS,1,"[26851674, 10279084, 37895688, 83308790, 22210434, 43419566, 25089501, 32101982, 12670680, 22997657]","[""SUPPORTS"", ""NOINFO"", ""NOINFO"", ""NOINFO"", ""NOINFO"", ""NOINFO"", ""NOINFO"", ""NOINFO"", ""NOINFO"", ""NOINFO""]",success,[26851674],[26851674],success,[26851674],[26851674],success,[26851674],[26851674]
742,Macrolides have no protective effect against myocardial infarction.,"{""32159283"": ""SUPPORTS""}",SUPPORTS,0,"[3984231, 6853699, 7454794, 41913714, 2842550, 17897801, 24150328, 6158879, 7662206, 21239672]","[""NOINFO"", ""NOINFO"", ""NOINFO"", ""NOINFO"", ""NOINFO"", ""NOINFO"", ""NOINFO"", ""NOINFO"", ""NOINFO"", ""NOINFO""]",retrieval_miss,[],[],retrieval_miss,[],[],retrieval_miss,[],[]
743,Macrolides protect against myocardial infarction.,"{""32159283"": ""REFUTES""}",REFUTES,0,"[3984231, 6853699, 2192419, 41913714, 7454794, 1122198, 7662206, 4928057, 17897801, 21557614]","[""NOINFO"", ""NOINFO"", ""NOINFO"", ""NOINFO"", ""NOINFO"", ""NOINFO"", ""NOINFO"", ""NOINFO"", ""NOINFO"", ""NOINFO""]",retrieval_miss,[],[],retrieval_miss,[],[],retrieval_miss,[],[]
744,Macropinocytosis contributes to a cell's supply of amino acids via the intracellular uptake of protein.,"{""8460275"": ""SUPPORTS""}",SUPPORTS,3,"[4138659, 6454371, 8460275, 20672596, 23895668, 10169908, 1546650, 1344498, 12207167, 16319097]","[""SUPPORTS"", ""NOINFO"", ""SUPPORTS"", ""NOINFO"", ""NOINFO"", ""NOINFO"", ""NOINFO"", ""NOINFO"", ""NOINFO"", ""NOINFO""]",success,[8460275],[8460275],success,[8460275],[8460275],success,[8460275],[8460275]
756,Many proteins in human cells can be post-translationally modified at lysine residues via acetylation.,"{""2831620"": ""SUPPORTS""}",SUPPORTS,4,"[27134527, 8646760, 17919731, 2831620, 12172346, 6669242, 6209599, 32638085, 1748921, 25901598]","[""NOINFO"", ""SUPPORTS"", ""NOINFO"", ""NOINFO"", ""NOINFO"", ""NOINFO"", ""NOINFO"", ""NOINFO"", ""NOINFO"", ""NOINFO""]",retrieval_miss,[],[],stance_error,[2831620],[],stance_error,[2831620],[]
759,Mathematical models predict that using Artemisinin-based combination therapy over nongametocytocidal drugs have a dramatic impact in reducing malaria transmission.,"{""1805641"": ""REFUTES""}",REFUTES,1,"[1805641, 12409683, 3929361, 6503185, 18074797, 10617916, 13948920, 20761364, 5289038, 37248570]","[""SUPPORTS"", ""SUPPORTS"", ""NOINFO"", ""NOINFO"", ""SUPPORTS"", ""NOINFO"", ""NOINFO"", ""NOINFO"", ""NOINFO"", ""NOINFO""]",stance_error,[1805641],[],stance_error,[1805641],[],stance_error,[1805641],[]
770,Metastatic colorectal cancer treated with a single agent fluoropyrimidines resulted in reduced efficacy and lower quality of life when compared with oxaliplatin-based chemotherapy in elderly patients.,"{""15476777"": ""SUPPORTS""}",SUPPORTS,1,"[15476777, 2492146, 5492542, 10958594, 24634621, 7613033, 2328272, 13256155, 39903312, 7165938]","[""REFUTES"", ""NOINFO"", ""NOINFO"", ""NOINFO"", ""NOINFO"", ""NOINFO"", ""NOINFO"", ""NOINFO"", ""NOINFO"", ""NOINFO""]",stance_error,[15476777],[],stance_error,[15476777],[],stance_error,[15476777],[]
781,Mice that lack Interferon-γ or its receptor exhibit high resistance to experimental autoimmune myocarditis.,"{""24338780"": ""REFUTES""}",REFUTES,1,"[24338780, 8246922, 40632104, 39084565, 6270720, 34378726, 13651792, 1386103, 15707049, 1049501]","[""SUPPORTS"", ""SUPPORTS"", ""NOINFO"", ""NOINFO"", ""NOINFO"", ""NOINFO"", ""NOINFO"", ""NOINFO"", ""NOINFO"", ""NOINFO""]",stance_error,[24338780],[],stance_error,[24338780],[],stance_error,[24338780],[]
784,MicroRNA is involved in the regulation of Neural Stem Cell (NSC) differentiation and proliferation dynamic homeostasis,"{""2356950"": ""SUPPORTS""}",SUPPORTS,2,"[42662816, 2356950, 16627684, 6285534, 16605494, 13290521, 15590539, 28704738, 22871664, 12337611]","[""NOINFO"", ""SUPPORTS"", ""NOINFO"", ""NOINFO"", ""NOINFO"", ""NOINFO"", ""NOINFO"", ""NOINFO"", ""NOINFO"", ""NOINFO""]",success,[2356950],[2356950],success,[2356950],[2356950],success,[2356950],[2356950]
793,Mitochondria are uninvolved in apoptosis.,"{""8551160"": ""REFUTES""}",REFUTES,8,"[23403754, 39381118, 935034, 28249680, 23887844, 25251625, 34439544, 8551160, 23513818, 13651792]","[""NOINFO"", ""REFUTES"", ""NOINFO"", ""NOINFO"", ""NOINFO"", ""NOINFO"", ""NOINFO"", ""REFUTES"", ""NOINFO"", ""NOINFO""]",retrieval_miss,[],[],retrieval_miss,[],[],success,[8551160],[8551160]
805,Monoclonal antibody targeting of N-cadherin inhibits metastasis.,"{""22180793"": ""SUPPORTS""}",SUPPORTS,1,"[22180793, 17188921, 3727986, 14149065, 3118719, 38243984, 13952658, 32742683, 9558539, 2593298]","[""SUPPORTS"", ""NOINFO"", ""NOINFO"", ""NOINFO"", ""NOINFO"", ""NOINFO"", ""NOINFO"", ""NOINFO"", ""NOINFO"", ""NOINFO""]",success,[22180793],[22180793],success,[22180793],[22180793],success,[22180793],[22180793]
808,Most termination events in Okazaki fragments are sequence specific.,"{""36606083"": ""SUPPORTS""}",SUPPORTS,1,"[36606083, 18111172, 25462689, 35448676, 20821402, 23664875, 31514338, 8250852, 12207340, 20585600]","[""SUPPORTS"", ""NOINFO"", ""NOINFO"", ""NOINFO"", ""NOINFO"", ""NOINFO"", ""NOINFO"", ""NOINFO"", ""NOINFO"", ""NOINFO""]",success,[36606083],[36606083],success,[36606083],[36606083],success,[36606083],[36606083]
811,Mutant mice lacking SVCT2 have greatly increased ascorbic acid levels in both brain and adrenals.,"{""19799455"": ""REFUTES""}",REFUTES,1,"[19799455, 23868856, 12785130, 44562221, 11886686, 2601324, 36357627, 13921526, 5704562, 12462961]","[""NOINFO"", ""NOINFO"", ""NOINFO"", ""NOINFO"", ""NOINFO"", ""NOINFO"", ""NOINFO"", ""NOINFO"", ""NOINFO"", ""NOINFO""]",stance_error,[19799455],[],stance_error,[19799455],[],stance_error,[19799455],[]
823,N348I mutations cause resistance to zidovudine (AZT).,"{""15319019"": ""SUPPORTS""}",SUPPORTS,1,"[15319019, 6426919, 25014337, 6421792, 2319305, 641786, 13450938, 2638387, 16630996, 13221399]","[""SUPPORTS"", ""NOINFO"", ""NOINFO"", ""NOINFO"", ""NOINFO"", ""NOINFO"", ""NOINFO"", ""NOINFO"", ""NOINFO"", ""NOINFO""]",success,[15319019],[15319019],success,[15319019],[15319019],success,[15319019],[15319019]
832,NFAT4 activation requires IP3R-mediated Ca2+ mobilization.,"{""30303335"": ""SUPPORTS""}",SUPPORTS,1,"[30303335, 1605392, 19561411, 6936141, 4399311, 7116734, 5389095, 36399109, 34469966, 712078]","[""NOINFO"", ""NOINFO"", ""NOINFO"", ""NOINFO"", ""NOINFO"", ""NOINFO"", ""NOINFO"", ""NOINFO"", ""NOINFO"", ""NOINFO""]",stance_error,[30303335],[],stance_error,[30303335],[],stance_error,[30303335],[]
837,NR5A2 is important in development of endometrial tissues.,"{""15928989"": ""SUPPORTS""}",SUPPORTS,1,"[15928989, 9239963, 16201748, 16346504, 20725212, 9211173, 13777138, 26121646, 25263942, 25628793]","[""SUPPORTS"", ""NOINFO"", ""NOINFO"", ""NOINFO"", ""NOINFO"", ""NOINFO"", ""NOINFO"", ""NOINFO"", ""NOINFO"", ""NOINFO""]",success,[15928989],[15928989],success,[15928989],[15928989],success,[15928989],[15928989]
839,Nanoparticles can be targeted against specific cell types by incorporating aptamers into lipid nanoparticles.,"{""1469751"": ""SUPPORTS""}",SUPPORTS,2,"[6219790, 1469751, 22482820, 13923069, 8182950, 17327939, 31715818, 4435369, 33397197, 25435456]","[""NOINFO"", ""SUPPORTS"", ""NOINFO"", ""NOINFO"", ""NOINFO"", ""NOINFO"", ""NOINFO"", ""NOINFO"", ""NOINFO"", ""NOINFO""]",success,[1469751],[1469751],success,[1469751],[1469751],success,[1469751],[1469751]
845,Neutrophil extracellular traps (NETs) are released by ANCA-stimulated neutrophils.,"{""17741440"": ""SUPPORTS""}",SUPPORTS,10,"[2236768, 29399239, 9878167, 36089763, 1800734, 3330111, 43054703, 20608982, 11328820, 17741440]","[""NOINFO"", ""NOINFO"", ""NOINFO"", ""NOINFO"", ""NOINFO"", ""NOINFO"", ""NOINFO"", ""NOINFO"", ""NOINFO"", ""SUPPORTS""]",retrieval_miss,[],[],retrieval_miss,[],[],success,[17741440],[17741440]
847,New drugs for tuberculosis often do not penetrate the necrotic portion of a tuberculosis lesion in high concentrations.,"{""16787954"": ""REFUTES""}",REFUTES,1,"[16787954, 341324, 4424888, 11254040, 21479231, 33835579, 4246523, 6491532, 31363207, 5284188]","[""REFUTES"", ""NOINFO"", ""NOINFO"", ""NOINFO"", ""NOINFO"", ""NOINFO"", ""NOINFO"", ""NOINFO"", ""NOINFO"", ""NOINFO""]",success,[16787954],[16787954],success,[16787954],[16787954],success,[16787954],[16787954]
852,Non-invasive ventilation use should be decreased if there is inadequate response to conventional treatment.,"{""13843341"": ""REFUTES""}",REFUTES,3,"[8190282, 474325, 13843341, 40867854, 25098790, 38735355, 14361849, 12145359, 26611094, 9658390]","[""REFUTES"", ""NOINFO"", ""REFUTES"", ""REFUTES"", ""NOINFO"", ""REFUTES"", ""REFUTES"", ""NOINFO"", ""NOINFO"", ""NOINFO""]",success,[13843341],[13843341],success,[13843341],[13843341],success,[13843341],[13843341]
859,Normal expression of RUNX1 has tumor-promoting effects.,"{""1982286"": ""REFUTES""}",REFUTES,4,"[22049489, 9076196, 12315072, 1982286, 46617075, 25576204, 11615422, 57783564, 8385277, 825728]","[""NOINFO"", ""NOINFO"", ""NOINFO"", ""SUPPORTS"", ""NOINFO"", ""NOINFO"", ""NOINFO"", ""NOINFO"", ""NOINFO"", ""NOINFO""]",retrieval_miss,[],[],stance_error,[1982286],[],stance_error,[1982286],[]
873,Obesity is determined solely by environmental factors.,"{""1180972"": ""REFUTES"", ""3315558"": ""REFUTES"", ""19307912"": ""REFUTES"", ""27393799"": ""REFUTES"", ""29025270"": ""REFUTES""}",REFUTES,3,"[41310252, 4345757, 3315558, 4353857, 27686445, 21641088, 6290112, 6042706, 27393799, 29025270]","[""NOINFO"", ""NOINFO"", ""NOINFO"", ""NOINFO"", ""NOINFO"", ""NOINFO"", ""NOINFO"", ""NOINFO"", ""NOINFO"", ""NOINFO""]",stance_error,[3315558],[],stance_error,[3315558],[],stance_error,"[3315558, 27393799, 29025270]",[]
879,Occupancy of ribosomes by IncRNAs do not make functional peptides.,"{""8426046"": ""REFUTES""}",REFUTES,1,"[8426046, 40721190, 21330280, 45143088, 26112624, 8126244, 6670101, 11484808, 35448676, 20725212]","[""NOINFO"", ""NOINFO"", ""NOINFO"", ""NOINFO"", ""NOINFO"", ""NOINFO"", ""NOINFO"", ""NOINFO"", ""NOINFO"", ""NOINFO""]",stance_error,[8426046],[],stance_error,[8426046],[],stance_error,[8426046],[]
880,Occupancy of ribosomes by IncRNAs mirror 5 0-UTRs,"{""8426046"": ""SUPPORTS""}",SUPPORTS,2,"[20725212, 8426046, 18467982, 6670101, 26112624, 5702790, 45143088, 40721190, 12642224, 22623275]","[""NOINFO"", ""NOINFO"", ""NOINFO"", ""NOINFO"", ""NOINFO"", ""NOINFO"", ""NOINFO"", ""NOINFO"", ""NOINFO"", ""NOINFO""]",stance_error,[8426046],[],stance_error,[8426046],[],stance_error,[8426046],[]
882,Omnivores produce less trimethylamine N-oxide from dietary I-carnitine than vegetarians.,"{""14803797"": ""REFUTES""}",REFUTES,1,"[14803797, 6793674, 6327940, 12709184, 4463811, 44624045, 29460384, 33684572, 168265642, 31070360]","[""REFUTES"", ""NOINFO"", ""NOINFO"", ""NOINFO"", ""NOINFO"", ""NOINFO"", ""NOINFO"", ""NOINFO"", ""NOINFO"", ""NOINFO""]",success,[14803797],[14803797],success,[14803797],[14803797],success,[14803797],[14803797]
903,PD-1 triggering on monocytes reduces IL-10 production by monocytes.,"{""10648422"": ""REFUTES""}",REFUTES,1,"[10648422, 7343711, 5752492, 34469966, 36444198, 14938990, 14492339, 21498497, 9334631, 26068103]","[""REFUTES"", ""NOINFO"", ""NOINFO"", ""NOINFO"", ""NOINFO"", ""NOINFO"", ""NOINFO"", ""NOINFO"", ""NOINFO"", ""NOINFO""]",success,[10648422],[10648422],success,[10648422],[10648422],success,[10648422],[10648422]
904,PDPN promotes efficient motility along stromal surfaces by activating the C-type lectin receptor to rearrange the actin cytoskeleton in dendritic cells.,"{""7370282"": ""SUPPORTS""}",SUPPORTS,1,"[7370282, 3720107, 3506723, 2177022, 8997410, 34735369, 20313748, 32194449, 5700349, 2576811]","[""SUPPORTS"", ""NOINFO"", ""NOINFO"", ""NOINFO"", ""NOINFO"", ""NOINFO"", ""NOINFO"", ""NOINFO"", ""NOINFO"", ""NOINFO""]",success,[7370282],[7370282],success,[7370282],[7370282],success,[7370282],[7370282]
911,PKG-la plays an essential role in expression of pain hypersensitivity in PGK-la knockout mice.,"{""11254556"": ""SUPPORTS""}",SUPPORTS,2,"[10666475, 11254556, 19843244, 19529370, 32927401, 1275505, 16208091, 6625693, 58006489, 12130690]","[""NOINFO"", ""SUPPORTS"", ""NOINFO"", ""NOINFO"", ""NOINFO"", ""NOINFO"", ""NOINFO"", ""NOINFO"", ""NOINFO"", ""NOINFO""]",success,[11254556],[11254556],success,[11254556],[11254556],success,[11254556],[11254556]
921,Participating in six months of physical activity improves cognitive functioning.,"{""1642727"": ""SUPPORTS""}",SUPPORTS,1,"[1642727, 2424794, 50670403, 17691617, 12205576, 2028532, 2575938, 13083189, 13230773, 6647414]","[""SUPPORTS"", ""NOINFO"", ""NOINFO"", ""SUPPORTS"", ""NOINFO"", ""NOINFO"", ""NOINFO"", ""NOINFO"", ""NOINFO"", ""NOINFO""]",success,[1642727],[1642727],success,[1642727],[1642727],success,[1642727],[1642727]
922,Patients in stable partnerships have a faster progression from HIV to AIDS.,"{""17077004"": ""REFUTES""}",REFUTES,1,"[17077004, 74701974, 46353045, 57121667, 14319754, 374902, 22227889, 5548081, 11230569, 5735492]","[""SUPPORTS"", ""NOINFO"", ""NOINFO"", ""SUPPORTS"", ""NOINFO"", ""NOINFO"", ""NOINFO"", ""NOINFO"", ""NOINFO"", ""NOINFO""]",stance_error,[17077004],[],stance_error,[17077004],[],stance_error,[17077004],[]
936,Peroxynitrite is required for nitration of TCR/CD8.,"{""5483793"": ""SUPPORTS""}",SUPPORTS,2,"[23100962, 5483793, 3986403, 38805486, 22995164, 22059387, 18348376, 25488034, 13823200, 10993232]","[""NOINFO"", ""SUPPORTS"", ""NOINFO"", ""NOINFO"", ""NOINFO"", ""NOINFO"", ""NOINFO"", ""NOINFO"", ""NOINFO"", ""NOINFO""]",success,[5483793],[5483793],success,[5483793],[5483793],success,[5483793],[5483793]
957,Podocytes are motile and migrate in the presence of injury.,"{""123859"": ""SUPPORTS""}",SUPPORTS,4,"[13492264, 16280642, 38485364, 123859, 2121272, 22241778, 17934082, 40667577, 21369472, 3770726]","[""NOINFO"", ""NOINFO"", ""NOINFO"", ""SUPPORTS"", ""NOINFO"", ""NOINFO"", ""NOINFO"", ""NOINFO"", ""NOINFO"", ""NOINFO""]",retrieval_miss,[],[],success,[123859],[123859],success,[123859],[123859]
960,Polymeal nutrition reduces cardiovascular mortality.,"{""8780599"": ""SUPPORTS""}",SUPPORTS,1,"[8780599, 25974070, 70704988, 12709184, 44624045, 24273592, 29735200, 35495268, 14803797, 1365188]","[""SUPPORTS"", ""NOINFO"", ""NOINFO"", ""NOINFO"", ""NOINFO"", ""NOINFO"", ""NOINFO"", ""NOINFO"", ""NOINFO"", ""NOINFO""]",success,[8780599],[8780599],success,[8780599],[8780599],success,[8780599],[8780599]
967,Pretreatment with the Arp2/3 inhibitor CK-666 affects lamelliopodia formation.,"{""8997410"": ""SUPPORTS""}",SUPPORTS,1,"[8997410, 4530659, 22767022, 9185195, 32372280, 2119889, 17708753, 25089501, 15365719, 23260700]","[""SUPPORTS"", ""NOINFO"", ""NOINFO"", ""NOINFO"", ""NOINFO"", ""NOINFO"", ""NOINFO"", ""NOINFO"", ""NOINFO"", ""NOINFO""]",success,[8997410],[8997410],success,[8997410],[8997410],success,[8997410],[8997410]
971,Primary cervical cancer screening with HPV detection has higher longitudinal sensitivity than conventional cytology to detect cervical intraepithelial neoplasia grade 2.,"{""9764256"": ""SUPPORTS"", ""27873158"": ""SUPPORTS"", ""28617573"": ""SUPPORTS"", ""46695481"": ""SUPPORTS""}",SUPPORTS,2,"[6561200, 27873158, 9764256, 27446873, 28617573, 7650066, 829646, 76415938, 19140422, 46695481]","[""NOINFO"", ""SUPPORTS"", ""SUPPORTS"", ""SUPPORTS"", ""SUPPORTS"", ""SUPPORTS"", ""NOINFO"", ""SUPPORTS"", ""SUPPORTS"", ""SUPPORTS""]",success,"[27873158, 9764256]","[27873158, 9764256]",success,"[27873158, 9764256, 28617573]","[27873158, 9764256, 28617573]",success,"[27873158, 9764256, 28617573, 46695481]","[27873158, 9764256, 28617573, 46695481]"
982,Proteins synthesized at the growth cone are ubiquitinated at a higher rate than proteins from the cell body.,"{""2988714"": ""SUPPORTS""}",SUPPORTS,1,"[2988714, 6422576, 44947611, 29557235, 86231298, 19149247, 3845894, 21948782, 20935673, 7142113]","[""SUPPORTS"", ""NOINFO"", ""NOINFO"", ""NOINFO"", ""NOINFO"", ""NOINFO"", ""NOINFO"", ""NOINFO"", ""NOINFO"", ""NOINFO""]",success,[2988714],[2988714],success,[2988714],[2988714],success,[2988714],[2988714]
985,Pseudogene PTENP1 regulates the expression of PTEN by functioning as an miRNA decoy.,"{""6828370"": ""SUPPORTS""}",SUPPORTS,1,"[6828370, 16346504, 16364639, 2619579, 8006440, 12652963, 13290521, 24294572, 10024681, 32556431]","[""SUPPORTS"", ""NOINFO"", ""NOINFO"", ""NOINFO"", ""NOINFO"", ""NOINFO"", ""NOINFO"", ""NOINFO"", ""NOINFO"", ""NOINFO""]",success,[6828370],[6828370],success,[6828370],[6828370],success,[6828370],[6828370]
993,Pyridostatin destabilizes the G - quadruplex in the telomeric region.,"{""16472469"": ""REFUTES""}",REFUTES,1,"[16472469, 26118532, 1226452, 2758012, 4319844, 7468449, 25787749, 25842866, 24351680, 4429668]","[""SUPPORTS"", ""NOINFO"", ""NOINFO"", ""NOINFO"", ""NOINFO"", ""NOINFO"", ""NOINFO"", ""NOINFO"", ""NOINFO"", ""NOINFO""]",stance_error,[16472469],[],stance_error,[16472469],[],stance_error,[16472469],[]
1012,Radioiodine treatment of non-toxic multinodular goitre reduces thyroid volume.,"{""9745001"": ""SUPPORTS""}",SUPPORTS,1,"[9745001, 6751418, 43122426, 37912677, 26026009, 18414462, 26409363, 40667066, 21551568, 25452937]","[""SUPPORTS"", ""NOINFO"", ""NOINFO"", ""NOINFO"", ""NOINFO"", ""NOINFO"", ""NOINFO"", ""NOINFO"", ""NOINFO"", ""NOINFO""]",success,[9745001],[9745001],success,[9745001],[9745001],success,[9745001],[9745001]
1019,Rapid phosphotransfer rates govern fidelity in two component systems,"{""11603066"": ""SUPPORTS""}",SUPPORTS,0,"[12370190, 196664003, 21578627, 9724974, 10607877, 3155374, 8386609, 31844040, 18568804, 1225513]","[""NOINFO"", ""NOINFO"", ""NOINFO"", ""NOINFO"", ""NOINFO"", ""NOINFO"", ""NOINFO"", ""NOINFO"", ""NOINFO"", ""NOINFO""]",retrieval_miss,[],[],retrieval_miss,[],[],retrieval_miss,[],[]
1020,Rapid up-regulation and higher basal expression of interferon-induced genes increase survival of granule cell neurons that are infected by West Nile virus.,"{""9433958"": ""SUPPORTS""}",SUPPORTS,2,"[10559501, 9433958, 26731863, 2947124, 5137019, 37727521, 12885341, 7820043, 34287602, 9539248]","[""NOINFO"", ""NOINFO"", ""NOINFO"", ""NOINFO"", ""NOINFO"", ""NOINFO"", ""NOINFO"", ""NOINFO"", ""NOINFO"", ""NOINFO""]",stance_error,[9433958],[],stance_error,[9433958],[],stance_error,[9433958],[]
1021,Rapid up-regulation and higher basal expression of interferon-induced genes reduce survival of granule cell neurons that are infected by West Nile virus.,"{""9433958"": ""REFUTES""}",REFUTES,2,"[10559501, 9433958, 26731863, 2947124, 12885341, 37727521, 5137019, 34287602, 7820043, 9539248]","[""NOINFO"", ""NOINFO"", ""NOINFO"", ""NOINFO"", ""NOINFO"", ""NOINFO"", ""NOINFO"", ""NOINFO"", ""NOINFO"", ""NOINFO""]",stance_error,[9433958],[],stance_error,[9433958],[],stance_error,[9433958],[]
1024,Recurrent mutations occur frequently within CTCF anchor sites adjacent to oncogenes.,"{""5373138"": ""SUPPORTS""}",SUPPORTS,0,"[8494570, 26672703, 2762601, 14530534, 6532806, 4457160, 7468449, 36713289, 7211056, 14019636]","[""NOINFO"", ""NOINFO"", ""NOINFO"", ""NOINFO"", ""NOINFO"", ""NOINFO"", ""NOINFO"", ""NOINFO"", ""NOINFO"", ""NOINFO""]",retrieval_miss,[],[],retrieval_miss,[],[],retrieval_miss,[],[]
1029,Reduced responsiveness to interleukin-2 in regulatory T cells is associated with greater resistance to autoimmune diseases such as Type 1 Diabetes.,"{""11899391"": ""REFUTES"", ""13923140"": ""REFUTES"", ""13940200"": ""REFUTES""}",REFUTES,1,"[11899391, 5567005, 13940200, 2388819, 8325952, 13923140, 36642096, 38502066, 41120293, 42873134]","[""SUPPORTS"", ""NOINFO"", ""SUPPORTS"", ""NOINFO"", ""NOINFO"", ""SUPPORTS"", ""NOINFO"", ""NOINFO"", ""NOINFO"", ""NOINFO""]",stance_error,"[11899391, 13940200]",[],stance_error,"[11899391, 13940200]",[],stance_error,"[11899391, 13940200, 13923140]",[]
1041,Replacement of histone H2A with H2A.Z slows gene activation in yeasts by stabilizing +1 nucleosomes.,"{""25254425"": ""REFUTES""}",REFUTES,0,"[9451052, 18694784, 15778034, 2817000, 16626264, 406733, 9881829, 43156471, 11844791, 18038955]","[""NOINFO"", ""NOINFO"", ""NOINFO"", ""NOINFO"", ""NOINFO"", ""NOINFO"", ""NOINFO"", ""NOINFO"", ""NOINFO"", ""NOINFO""]",retrieval_miss,[],[],retrieval_miss,[],[],retrieval_miss,[],[]
1049,Ribosomopathies have a low degree of cell and tissue specific pathology.,"{""12486491"": ""REFUTES""}",REFUTES,0,"[8925851, 6670101, 24737389, 26112624, 7487927, 22482024, 18467982, 26495128, 20725212, 36904081]","[""NOINFO"", ""NOINFO"", ""NOINFO"", ""NOINFO"", ""REFUTES"", ""NOINFO"", ""NOINFO"", ""NOINFO"", ""NOINFO"", ""NOINFO""]",retrieval_miss,[],[],retrieval_miss,[],[],retrieval_miss,[],[]
1062,S-nitrosylated GAPDH physiologically transnitrosylates histone deacetylases.,"{""20381484"": ""SUPPORTS""}",SUPPORTS,1,"[20381484, 25748308, 15215393, 32638085, 32985041, 17919731, 2831620, 665817, 502591, 8267678]","[""SUPPORTS"", ""NOINFO"", ""NOINFO"", ""NOINFO"", ""NOINFO"", ""NOINFO"", ""NOINFO"", ""NOINFO"", ""NOINFO"", ""NOINFO""]",success,[20381484],[20381484],success,[20381484],[20381484],success,[20381484],[20381484]
1086,Sildenafil improves erectile function in men who experience sexual dysfunction as a result of the use of SSRI antidepressants.,"{""39281140"": ""SUPPORTS""}",SUPPORTS,1,"[39281140, 3981244, 22057077, 6112053, 8520041, 12039953, 13883546, 25440070, 5551138, 5691302]","[""SUPPORTS"", ""NOINFO"", ""NOINFO"", ""NOINFO"", ""NOINFO"", ""NOINFO"", ""NOINFO"", ""NOINFO"", ""NOINFO"", ""NOINFO""]",success,[39281140],[39281140],success,[39281140],[39281140],success,[39281140],[39281140]
1088,Silencing of Bcl2 is important for the maintenance and progression of tumors.,"{""37549932"": ""REFUTES""}",REFUTES,2,"[4323425, 37549932, 11900630, 16550075, 34439544, 8496132, 39381118, 6121555, 33638477, 30580263]","[""NOINFO"", ""NOINFO"", ""NOINFO"", ""NOINFO"", ""NOINFO"", ""NOINFO"", ""NOINFO"", ""NOINFO"", ""NOINFO"", ""NOINFO""]",stance_error,[37549932],[],stance_error,[37549932],[],stance_error,[37549932],[]
1089,Smc5/6 engagment drives the activation of SUMO E3 ligase Mms21 by ATP-dependent remolding.,"{""17628888"": ""SUPPORTS""}",SUPPORTS,1,"[17628888, 21948782, 7915836, 23577014, 5436081, 86231298, 41620295, 11291348, 23513818, 4658268]","[""SUPPORTS"", ""NOINFO"", ""NOINFO"", ""NOINFO"", ""NOINFO"", ""NOINFO"", ""NOINFO"", ""NOINFO"", ""NOINFO"", ""NOINFO""]",success,[17628888],[17628888],success,[17628888],[17628888],success,[17628888],[17628888]
1104,Stroke patients with prior use of direct oral anticoagulants have a lower risk of in-hospital mortality than stroke patients with prior use of warfarin.,"{""3898784"": ""SUPPORTS""}",SUPPORTS,1,"[3898784, 32328114, 4910408, 34338075, 16760369, 6158879, 14973286, 7454794, 44827480, 20554003]","[""REFUTES"", ""NOINFO"", ""NOINFO"", ""NOINFO"", ""NOINFO"", ""NOINFO"", ""NOINFO"", ""NOINFO"", ""NOINFO"", ""NOINFO""]",stance_error,[3898784],[],stance_error,[3898784],[],stance_error,[3898784],[]
1107,Subcutaneous fat depots undergo extensive browning processes after cold exposure.,"{""20532591"": ""SUPPORTS""}",SUPPORTS,3,"[29381091, 14865329, 20532591, 13000926, 970012, 32955023, 4854076, 19205437, 26902591, 4319174]","[""SUPPORTS"", ""SUPPORTS"", ""SUPPORTS"", ""NOINFO"", ""NOINFO"", ""NOINFO"", ""NOINFO"", ""NOINFO"", ""NOINFO"", ""NOINFO""]",success,[20532591],[20532591],success,[20532591],[20532591],success,[20532591],[20532591]
1110,Suboptimal nutrition is not predictive of chronic disease,"{""13770184"": ""REFUTES""}",REFUTES,0,"[70704988, 36558211, 21993510, 24273592, 8529693, 21623140, 1606628, 44624045, 2295434, 12709184]","[""NOINFO"", ""NOINFO"", ""NOINFO"", ""REFUTES"", ""NOINFO"", ""NOINFO"", ""NOINFO"", ""NOINFO"", ""NOINFO"", ""NOINFO""]",retrieval_miss,[],[],retrieval_miss,[],[],retrieval_miss,[],[]
1121,Synaptic activity enhances local release of brain derived neurotrophic factor from postsynaptic dendrites.,"{""4456756"": ""SUPPORTS""}",SUPPORTS,1,"[4456756, 19571273, 24652030, 23076291, 13458119, 23535770, 29745822, 2437807, 306311, 15590539]","[""SUPPORTS"", ""NOINFO"", ""NOINFO"", ""NOINFO"", ""NOINFO"", ""NOINFO"", ""NOINFO"", ""NOINFO"", ""NOINFO"", ""NOINFO""]",success,[4456756],[4456756],success,[4456756],[4456756],success,[4456756],[4456756]
1130,T regulatory cells (tTregs) lacking αvβ8 are more adept at suppressing pathogenic T-cell responses during active inflammation.,"{""17997584"": ""REFUTES""}",REFUTES,1,"[17997584, 38502066, 22210434, 1550937, 14644164, 29015485, 51952430, 10359591, 7399084, 4418070]","[""SUPPORTS"", ""NOINFO"", ""NOINFO"", ""NOINFO"", ""NOINFO"", ""NOINFO"", ""NOINFO"", ""NOINFO"", ""NOINFO"", ""NOINFO""]",stance_error,[17997584],[],stance_error,[17997584],[],stance_error,[17997584],[]
1132,TCR/CD3 microdomains are a required to induce the immunologic synapse to activate T cells.,"{""33499189"": ""SUPPORTS""}",SUPPORTS,6,"[2714623, 15972906, 18834078, 6961811, 21746539, 33499189, 34905328, 8903143, 5914739, 994800]","[""NOINFO"", ""NOINFO"", ""NOINFO"", ""NOINFO"", ""NOINFO"", ""SUPPORTS"", ""NOINFO"", ""NOINFO"", ""NOINFO"", ""NOINFO""]",retrieval_miss,[],[],retrieval_miss,[],[],success,[33499189],[33499189]
1137,TNFAIP3 is a tumor suppressor in glioblastoma.,"{""33370"": ""REFUTES""}",REFUTES,1,"[33370, 38355793, 21692235, 6363093, 7898952, 37686718, 41293601, 1836154, 470625, 5123516]","[""REFUTES"", ""NOINFO"", ""NOINFO"", ""NOINFO"", ""NOINFO"", ""NOINFO"", ""NOINFO"", ""NOINFO"", ""NOINFO"", ""NOINFO""]",success,[33370],[33370],success,[33370],[33370],success,[33370],[33370]
1140,Taking 400mg of α-tocopheryl acetate helps to prevent prostate cancer.,"{""12009265"": ""REFUTES""}",REFUTES,1,"[12009265, 24581365, 4500832, 32766786, 308862, 8659426, 25121903, 22267225, 15648443, 52188256]","[""SUPPORTS"", ""NOINFO"", ""NOINFO"", ""NOINFO"", ""NOINFO"", ""NOINFO"", ""NOINFO"", ""NOINFO"", ""NOINFO"", ""NOINFO""]",stance_error,[12009265],[],stance_error,[12009265],[],stance_error,[12009265],[]
1144,Taxation of sugar-sweetened beverages had no effect on the incidence rate of type II diabetes in India.,"{""10071552"": ""REFUTES""}",REFUTES,1,"[10071552, 9822397, 6207111, 1974176, 3770750, 24704139, 12224536, 8708082, 11201004, 39368721]","[""REFUTES"", ""NOINFO"", ""NOINFO"", ""NOINFO"", ""NOINFO"", ""NOINFO"", ""NOINFO"", ""NOINFO"", ""NOINFO"", ""NOINFO""]",success,[10071552],[10071552],success,[10071552],[10071552],success,[10071552],[10071552]
1146,Teaching hospitals do not provide better care than non-teaching hospitals.,"{""13906581"": ""SUPPORTS""}",SUPPORTS,1,"[13906581, 21377587, 21323587, 10577574, 15983982, 40905302, 12258338, 43855756, 13843341, 3610080]","[""REFUTES"", ""NOINFO"", ""NOINFO"", ""NOINFO"", ""NOINFO"", ""NOINFO"", ""NOINFO"", ""NOINFO"", ""NOINFO"", ""NOINFO""]",stance_error,[13906581],[],stance_error,[13906581],[],stance_error,[13906581],[]
1150,Tetraspanin-3 is a causative factor in the development of acute myelogenous leukemia,"{""11369420"": ""SUPPORTS""}",SUPPORTS,2,"[25832301, 11369420, 9460704, 2359152, 9478135, 8385277, 10795340, 4889228, 3391547, 3321943]","[""NOINFO"", ""SUPPORTS"", ""NOINFO"", ""NOINFO"", ""NOINFO"", ""NOINFO"", ""NOINFO"", ""NOINFO"", ""NOINFO"", ""NOINFO""]",success,[11369420],[11369420],success,[11369420],[11369420],success,[11369420],[11369420]
1163,The DdrB protein from Deinococcus radiodurans is an alternative SSB.,"{""15305881"": ""SUPPORTS""}",SUPPORTS,1,"[15305881, 17939443, 799586, 8721150, 36233757, 8065561, 13915464, 17416520, 37768883, 25373397]","[""SUPPORTS"", ""NOINFO"", ""NOINFO"", ""NOINFO"", ""NOINFO"", ""NOINFO"", ""NOINFO"", ""NOINFO"", ""NOINFO"", ""NOINFO""]",success,[15305881],[15305881],success,[15305881],[15305881],success,[15305881],[15305881]
1180,The PRR MDA5 is a sensor of RNA virus infection.,"{""31272411"": ""SUPPORTS""}",SUPPORTS,4,"[44366096, 2566674, 24221369, 31272411, 15419873, 10627801, 9433958, 32556431, 16058322, 1970884]","[""NOINFO"", ""NOINFO"", ""NOINFO"", ""NOINFO"", ""NOINFO"", ""NOINFO"", ""NOINFO"", ""NOINFO"", ""NOINFO"", ""NOINFO""]",retrieval_miss,[],[],stance_error,[31272411],[],stance_error,[31272411],[]
1185,The US health care system can save up to $750 million if 7% of patients waiting for kidney transplants participate in the optimized national kidney paired donation program.,"{""16737210"": ""SUPPORTS""}",SUPPORTS,4,"[21203899, 21859699, 41774099, 16737210, 7034001, 31942055, 15670968, 10582939, 202259, 70439309]","[""NOINFO"", ""NOINFO"", ""NOINFO"", ""NOINFO"", ""NOINFO"", ""NOINFO"", ""NOINFO"", ""NOINFO"", ""NOINFO"", ""NOINFO""]",retrieval_miss,[],[],stance_error,[16737210],[],stance_error,[16737210],[]
1187,The YAP1 and TEAD complex tanslocates into the nucleus where it interacts with transcription factors and DNA-binding proteins that modulate target gene transcription.,"{""52873726"": ""SUPPORTS""}",SUPPORTS,2,"[12737132, 52873726, 17240457, 4418582, 36310858, 20935673, 25901598, 42314147, 42865134, 19966976]","[""NOINFO"", ""SUPPORTS"", ""NOINFO"", ""NOINFO"", ""NOINFO"", ""NOINFO"", ""NOINFO"", ""NOINFO"", ""NOINFO"", ""NOINFO""]",success,[52873726],[52873726],success,[52873726],[52873726],success,[52873726],[52873726]
1202,The center of the granuloma in an immune cell induces a pro-inflammatory immune response.,"{""3475317"": ""SUPPORTS""}",SUPPORTS,9,"[24707550, 4389252, 188911, 34615397, 9705208, 24315156, 6163801, 1933281, 3475317, 22406695]","[""NOINFO"", ""NOINFO"", ""NOINFO"", ""NOINFO"", ""NOINFO"", ""NOINFO"", ""NOINFO"", ""NOINFO"", ""SUPPORTS"", ""NOINFO""]",retrieval_miss,[],[],retrieval_miss,[],[],success,[3475317],[3475317]
1216,The extracellular domain of TMEM27 is cleaved in human beta cells.,"{""24142891"": ""SUPPORTS""}",SUPPORTS,1,"[24142891, 19756935, 8903143, 13868795, 19708993, 4311206, 38844612, 2825380, 19561411, 14767844]","[""SUPPORTS"", ""NOINFO"", ""NOINFO"", ""NOINFO"", ""NOINFO"", ""NOINFO"", ""NOINFO"", ""NOINFO"", ""NOINFO"", ""NOINFO""]",success,[24142891],[24142891],success,[24142891],[24142891],success,[24142891],[24142891]
1221,The genomic aberrations found in matasteses are very similar to those found in the primary tumor.,"{""19736671"": ""REFUTES""}",REFUTES,0,"[3360428, 14717213, 4407318, 9038803, 39758684, 26182390, 11271123, 6812319, 8427306, 4364884]","[""NOINFO"", ""NOINFO"", ""NOINFO"", ""NOINFO"", ""NOINFO"", ""NOINFO"", ""NOINFO"", ""NOINFO"", ""NOINFO"", ""NOINFO""]",retrieval_miss,[],[],retrieval_miss,[],[],retrieval_miss,[],[]
1225,The locus rs647161 is associated with colorectal carcinoma.,"{""9650982"": ""SUPPORTS""}",SUPPORTS,1,"[9650982, 6078882, 24190159, 16806763, 14729253, 42836872, 3590806, 42731834, 3360428, 31591262]","[""SUPPORTS"", ""NOINFO"", ""NOINFO"", ""NOINFO"", ""NOINFO"", ""NOINFO"", ""NOINFO"", ""NOINFO"", ""NOINFO"", ""NOINFO""]",success,[9650982],[9650982],success,[9650982],[9650982],success,[9650982],[9650982]
1232,The minor G allele of FOXO3 is related to more severe symptoms of Crohn's Disease.,"{""13905670"": ""REFUTES""}",REFUTES,1,"[13905670, 1265945, 5922085, 24783597, 2844490, 4427060, 9244474, 19497526, 25571386, 16119973]","[""SUPPORTS"", ""NOINFO"", ""NOINFO"", ""NOINFO"", ""NOINFO"", ""NOINFO"", ""NOINFO"", ""NOINFO"", ""NOINFO"", ""NOINFO""]",stance_error,[13905670],[],stance_error,[13905670],[],stance_error,[13905670],[]
1241,The myocardial lineage develops from cardiac progenitors of mesodermal origin.,"{""4427392"": ""SUPPORTS""}",SUPPORTS,5,"[25858295, 4932668, 2828460, 14060030, 4427392, 23716150, 6148876, 106301, 2973910, 6729465]","[""NOINFO"", ""SUPPORTS"", ""NOINFO"", ""NOINFO"", ""SUPPORTS"", ""NOINFO"", ""NOINFO"", ""NOINFO"", ""NOINFO"", ""NOINFO""]",retrieval_miss,[],[],success,[4427392],[4427392],success,[4427392],[4427392]
1259,The relationship between a breast cancer patient's capacity to metabolize tamoxifen and treatment outcome is dependent on the patient's genetic make-up.,"{""24341590"": ""SUPPORTS""}",SUPPORTS,2,"[13069283, 24341590, 12438901, 5855168, 18340282, 2015126, 20454006, 17088791, 20886584, 27240667]","[""NOINFO"", ""SUPPORTS"", ""NOINFO"", ""NOINFO"", ""NOINFO"", ""NOINFO"", ""NOINFO"", ""NOINFO"", ""NOINFO"", ""NOINFO""]",success,[24341590],[24341590],success,[24341590],[24341590],success,[24341590],[24341590]
1262,The repair of Cas9-induced double strand breaks in human DNA is error-prone.,"{""44172171"": ""SUPPORTS""}",SUPPORTS,1,"[44172171, 22937815, 20420780, 12552297, 21561474, 30122260, 12207340, 21793890, 38131471, 30034334]","[""SUPPORTS"", ""NOINFO"", ""NOINFO"", ""NOINFO"", ""NOINFO"", ""NOINFO"", ""NOINFO"", ""NOINFO"", ""NOINFO"", ""NOINFO""]",success,[44172171],[44172171],success,[44172171],[44172171],success,[44172171],[44172171]
1266,"The risk of breast cancer among parous women increases with placental weight of pregnancies, and this association is strongest for premenopausal breast cancer.","{""37480103"": ""SUPPORTS""}",SUPPORTS,3,"[27123743, 17450673, 37480103, 23557241, 16322674, 13831842, 13765757, 5864770, 22007333, 4828631]","[""NOINFO"", ""NOINFO"", ""NOINFO"", ""SUPPORTS"", ""NOINFO"", ""NOINFO"", ""NOINFO"", ""NOINFO"", ""NOINFO"", ""NOINFO""]",stance_error,[37480103],[],stance_error,[37480103],[],stance_error,[37480103],[]
1270,The risk of male prisoners harming themselves is ten times that of female prisoners.,"{""13900610"": ""REFUTES""}",REFUTES,1,"[13900610, 34227917, 20491205, 14843502, 1102268, 9976969, 43855756, 25806385, 980196, 24276902]","[""SUPPORTS"", ""NOINFO"", ""NOINFO"", ""NOINFO"", ""NOINFO"", ""NOINFO"", ""NOINFO"", ""NOINFO"", ""NOINFO"", ""NOINFO""]",stance_error,[13900610],[],stance_error,[13900610],[],stance_error,[13900610],[]
1271,The severity of cardiac involvement in amyloidosis can be described by the degree of transmurality of late gadolinium enhancement in MRI.,"{""13768432"": ""SUPPORTS""}",SUPPORTS,1,"[13768432, 38040186, 1686881, 32671519, 46266579, 21323758, 5597586, 2496002, 27550580, 7813993]","[""SUPPORTS"", ""NOINFO"", ""NOINFO"", ""NOINFO"", ""NOINFO"", ""NOINFO"", ""NOINFO"", ""NOINFO"", ""NOINFO"", ""NOINFO""]",success,[13768432],[13768432],success,[13768432],[13768432],success,[13768432],[13768432]
1273,The sliding activity of kinesin-8 protein Kip3 promotes bipolar spindle assembly.,"{""11041152"": ""SUPPORTS""}",SUPPORTS,1,"[11041152, 1889358, 493346, 1371440, 22405338, 16736883, 17805221, 24555417, 7549811, 30835854]","[""SUPPORTS"", ""NOINFO"", ""NOINFO"", ""NOINFO"", ""NOINFO"", ""NOINFO"", ""NOINFO"", ""NOINFO"", ""NOINFO"", ""NOINFO""]",success,[11041152],[11041152],success,[11041152],[11041152],success,[11041152],[11041152]
1274,The tip of the inner tube of the toxic type VI secretion system (T6SS) antibacterial effector in Escherichia coli (E. coli) carries toxic effector proteins.,"{""4406819"": ""SUPPORTS""}",SUPPORTS,4,"[7481159, 23440856, 27731651, 4406819, 12428814, 22632303, 7145763, 26625002, 35085326, 6836086]","[""NOINFO"", ""NOINFO"", ""NOINFO"", ""SUPPORTS"", ""NOINFO"", ""NOINFO"", ""NOINFO"", ""NOINFO"", ""NOINFO"", ""NOINFO""]",retrieval_miss,[],[],success,[4406819],[4406819],success,[4406819],[4406819]
1290,There is an inverse relationship between hip fractures and statin use.,"{""4687948"": ""SUPPORTS""}",SUPPORTS,1,"[4687948, 5698494, 26000593, 7454794, 11246427, 19878070, 22420524, 21557614, 40156901, 19205326]","[""REFUTES"", ""NOINFO"", ""NOINFO"", ""NOINFO"", ""NOINFO"", ""NOINFO"", ""NOINFO"", ""NOINFO"", ""NOINFO"", ""NOINFO""]",stance_error,[4687948],[],stance_error,[4687948],[],stance_error,[4687948],[]
1298,Thigh-length graduated compression stockings (GCS) did not reduce deep vein thrombosis in patients admitted to hospital who are immobile because of acute stroke.,"{""11718220"": ""SUPPORTS""}",SUPPORTS,1,"[11718220, 34338075, 32328114, 29981186, 1358909, 1387104, 53779698, 14973286, 2352142, 17897801]","[""REFUTES"", ""NOINFO"", ""NOINFO"", ""NOINFO"", ""NOINFO"", ""NOINFO"", ""NOINFO"", ""NOINFO"", ""NOINFO"", ""NOINFO""]",stance_error,[11718220],[],stance_error,[11718220],[],stance_error,[11718220],[]
1303,Tirasemtiv has no effect on fast-twitch muscle.,"{""12631697"": ""REFUTES""}",REFUTES,1,"[12631697, 21323758, 29657303, 2496002, 43566999, 23439808, 40631095, 7734150, 37673301, 8771704]","[""REFUTES"", ""NOINFO"", ""NOINFO"", ""NOINFO"", ""NOINFO"", ""NOINFO"", ""NOINFO"", ""NOINFO"", ""NOINFO"", ""NOINFO""]",success,[12631697],[12631697],success,[12631697],[12631697],success,[12631697],[12631697]
1319,Transplanted human glial cells can differentiate within the host animal.,"{""16284655"": ""SUPPORTS""}",SUPPORTS,1,"[16284655, 12742164, 14192687, 2437807, 46193388, 3360421, 16375102, 39465575, 803312, 10474873]","[""SUPPORTS"", ""NOINFO"", ""SUPPORTS"", ""SUPPORTS"", ""NOINFO"", ""NOINFO"", ""NOINFO"", ""NOINFO"", ""NOINFO"", ""NOINFO""]",success,[16284655],[16284655],success,[16284655],[16284655],success,[16284655],[16284655]
1320,Transplanted human glial progenitor cells are incapable of forming a neural network with host animals' neurons.,"{""16284655"": ""REFUTES""}",REFUTES,1,"[16284655, 14192687, 2437807, 4405194, 6079486, 12742164, 16375102, 36637129, 39465575, 4303075]","[""REFUTES"", ""REFUTES"", ""NOINFO"", ""NOINFO"", ""NOINFO"", ""NOINFO"", ""NOINFO"", ""REFUTES"", ""NOINFO"", ""NOINFO""]",success,[16284655],[16284655],success,[16284655],[16284655],success,[16284655],[16284655]
1335,UCB T cells maintain high TCR diversity after transplantation.,"{""27910499"": ""SUPPORTS""}",SUPPORTS,1,"[27910499, 19511011, 33535222, 27243019, 20220731, 301866, 24795767, 34905328, 24069089, 14647747]","[""NOINFO"", ""NOINFO"", ""NOINFO"", ""NOINFO"", ""NOINFO"", ""NOINFO"", ""NOINFO"", ""NOINFO"", ""NOINFO"", ""NOINFO""]",stance_error,[27910499],[],stance_error,[27910499],[],stance_error,[27910499],[]
1336,UCB T cells reduce TCR diversity after transplantation.,"{""27910499"": ""REFUTES""}",REFUTES,1,"[27910499, 19511011, 33535222, 27243019, 20220731, 301866, 24069089, 24795767, 14647747, 34905328]","[""NOINFO"", ""NOINFO"", ""NOINFO"", ""NOINFO"", ""NOINFO"", ""NOINFO"", ""NOINFO"", ""NOINFO"", ""NOINFO"", ""NOINFO""]",stance_error,[27910499],[],stance_error,[27910499],[],stance_error,[27910499],[]
1337,Ubiquitin ligase UBC13 generates a K63-linked polyubiquitin moiety at PCNA K164.,"{""20231138"": ""SUPPORTS""}",SUPPORTS,9,"[29557235, 19149247, 6422576, 31962403, 86231298, 44947611, 13277623, 7645565, 20231138, 21948782]","[""NOINFO"", ""NOINFO"", ""NOINFO"", ""NOINFO"", ""NOINFO"", ""NOINFO"", ""NOINFO"", ""NOINFO"", ""NOINFO"", ""NOINFO""]",retrieval_miss,[],[],retrieval_miss,[],[],stance_error,[20231138],[]
1339,Ultrasound guidance significantly raises the number of traumatic procedures when attempting needle insertion.,"{""15482274"": ""REFUTES""}",REFUTES,1,"[15482274, 16495649, 8814634, 79231308, 70516463, 116556376, 6517267, 45276789, 52874170, 32969964]","[""REFUTES"", ""NOINFO"", ""NOINFO"", ""NOINFO"", ""NOINFO"", ""NOINFO"", ""NOINFO"", ""NOINFO"", ""NOINFO"", ""NOINFO""]",success,[15482274],[15482274],success,[15482274],[15482274],success,[15482274],[15482274]
1352,Upregulation of mosGCTL-1 is induced upon infection with West Nile virus.,"{""12885341"": ""SUPPORTS""}",SUPPORTS,1,"[12885341, 10559501, 34287602, 38376189, 8979167, 9539248, 27602752, 37762357, 5372773, 34016987]","[""SUPPORTS"", ""NOINFO"", ""NOINFO"", ""NOINFO"", ""NOINFO"", ""NOINFO"", ""NOINFO"", ""NOINFO"", ""NOINFO"", ""NOINFO""]",success,[12885341],[12885341],success,[12885341],[12885341],success,[12885341],[12885341]
1359,Varenicline monotherapy is more effective after 12 weeks of treatment compared to combination nicotine replacement therapies with varenicline or bupropion.,"{""11614737"": ""REFUTES""}",REFUTES,1,"[11614737, 5114940, 8570690, 24019260, 5551138, 34369306, 33417012, 7639744, 20611846, 44408494]","[""REFUTES"", ""NOINFO"", ""NOINFO"", ""NOINFO"", ""NOINFO"", ""NOINFO"", ""NOINFO"", ""NOINFO"", ""NOINFO"", ""NOINFO""]",success,[11614737],[11614737],success,[11614737],[11614737],success,[11614737],[11614737]
1368,Vitamin D deficiency effects the term of delivery.,"{""2425364"": ""SUPPORTS""}",SUPPORTS,1,"[2425364, 33740844, 30786800, 23267371, 30720103, 41131087, 21553394, 49429882, 12074066, 9555784]","[""SUPPORTS"", ""NOINFO"", ""NOINFO"", ""NOINFO"", ""NOINFO"", ""NOINFO"", ""NOINFO"", ""NOINFO"", ""NOINFO"", ""NOINFO""]",success,[2425364],[2425364],success,[2425364],[2425364],success,[2425364],[2425364]
1370,Vitamin D deficiency is unrelated to birth weight.,"{""2425364"": ""REFUTES""}",REFUTES,1,"[2425364, 21553394, 33740844, 49429882, 30786800, 3150030, 9555784, 4462079, 36960449, 44572913]","[""REFUTES"", ""NOINFO"", ""NOINFO"", ""NOINFO"", ""NOINFO"", ""NOINFO"", ""NOINFO"", ""NOINFO"", ""NOINFO"", ""NOINFO""]",success,[2425364],[2425364],success,[2425364],[2425364],success,[2425364],[2425364]
1379,Women with a higher birth weight are more likely to develop breast cancer later in life.,"{""16322674"": ""SUPPORTS"", ""17450673"": ""SUPPORTS"", ""23557241"": ""SUPPORTS"", ""27123743"": ""SUPPORTS""}",SUPPORTS,1,"[27123743, 16322674, 13831842, 17450673, 23557241, 5487448, 4828631, 38784540, 25973484, 13765757]","[""SUPPORTS"", ""SUPPORTS"", ""NOINFO"", ""SUPPORTS"", ""SUPPORTS"", ""NOINFO"", ""NOINFO"", ""NOINFO"", ""NOINFO"", ""NOINFO""]",success,"[27123743, 16322674]","[27123743, 16322674]",success,"[27123743, 16322674, 17450673, 23557241]","[27123743, 16322674, 17450673, 23557241]",success,"[27123743, 16322674, 17450673, 23557241]","[27123743, 16322674, 17450673, 23557241]"
1382,aPKCz causes tumour enhancement by affecting glutamine metabolism.,"{""17755060"": ""REFUTES""}",REFUTES,2,"[3831884, 17755060, 28334217, 28651643, 4959368, 22914228, 4920376, 9113824, 7875158, 1554348]","[""NOINFO"", ""SUPPORTS"", ""NOINFO"", ""NOINFO"", ""NOINFO"", ""NOINFO"", ""NOINFO"", ""NOINFO"", ""NOINFO"", ""NOINFO""]",stance_error,[17755060],[],stance_error,[17755060],[],stance_error,[17755060],[]
1385,cSMAC formation enhances weak ligand signalling.,"{""306006"": ""SUPPORTS""}",SUPPORTS,0,"[11844826, 3559136, 33912020, 9283422, 15946643, 7621534, 1605392, 33920995, 6936141, 10906636]","[""NOINFO"", ""NOINFO"", ""NOINFO"", ""NOINFO"", ""NOINFO"", ""NOINFO"", ""NOINFO"", ""NOINFO"", ""NOINFO"", ""NOINFO""]",retrieval_miss,[],[],retrieval_miss,[],[],retrieval_miss,[],[]
1389,mTORC2 regulates intracellular cysteine levels through xCT inhibition.,"{""23895668"": ""SUPPORTS""}",SUPPORTS,1,"[23895668, 8460275, 1344498, 1227277, 8002887, 4658268, 14874811, 5389095, 26735905, 22174015]","[""SUPPORTS"", ""NOINFO"", ""NOINFO"", ""NOINFO"", ""NOINFO"", ""NOINFO"", ""NOINFO"", ""NOINFO"", ""NOINFO"", ""NOINFO""]",success,[23895668],[23895668],success,[23895668],[23895668],success,[23895668],[23895668]
